,Unnamed: 0,Unnamed: 0.1,Unnamed: 0.1.1,Unnamed: 0.1.1.1,Unnamed: 0.1.1.1.1,Unnamed: 0.1.1.1.1.1,Unnamed: 0.1.1.1.1.1.1,Unnamed: 0.1.1.1.1.1.1.1,Unnamed: 0.1.1.1.1.1.1.1.1,Unnamed: 0.1.1.1.1.1.1.1.1.1,estacao,datahora,wspd,wdir,gust,dryt,dewp,pres,vis,tp,altn1,qn1,altn2,qn2,altn3,qn3,altn4,qn4,altncb,qncb,metar,speci
0,0,0,0,0,0,0,0,0,0,0,SBAR,21/02/2024 00:00,8.0,70.0,,29.0,26.0,1011.0,9999,,19.0,FEW,,,,,,,,,METAR SBAR 210000Z 07008KT 9999 FEW019 29/26 Q1011=,-
1,1,1,1,1,1,1,1,1,1,1,SBAR,21/02/2024 01:00,7.0,80.0,,29.0,26.0,1011.0,9999,,20.0,FEW,,,,,,,,,METAR SBAR 210100Z 08007KT 9999 FEW020 29/26 Q1011=,-
2,2,2,2,2,2,2,2,2,2,2,SBAR,21/02/2024 02:00,8.0,70.0,,27.0,26.0,1011.0,9999,VCSH,13.0,SCT,17.0,BKN,,,,,,,METAR SBAR 210200Z 07008KT 9999 VCSH SCT013 BKN017 27/26 Q1011=,-
3,3,3,3,3,3,3,3,3,3,3,SBAR,21/02/2024 03:00,7.0,70.0,,28.0,26.0,1011.0,9999,,15.0,SCT,,,,,,,,,METAR SBAR 210300Z 07007KT 9999 SCT015 28/26 Q1011=,-
4,4,4,4,4,4,4,4,4,4,4,SBAR,21/02/2024 04:00,6.0,70.0,,28.0,26.0,1010.0,9999,,14.0,FEW,16.0,SCT,,,,,,,METAR SBAR 210400Z 07006KT 9999 FEW014 SCT016 28/26 Q1010=,-
5,5,5,5,5,5,5,5,5,5,5,SBAR,21/02/2024 05:00,10.0,60.0,,27.0,25.0,1010.0,9999,,16.0,BKN,,,,,,,,,METAR SBAR 210500Z 06010KT 9999 BKN016 27/25 Q1010=,-
6,6,6,6,6,6,6,6,6,6,6,SBAR,21/02/2024 06:00,8.0,70.0,,26.0,24.0,1010.0,9999,,20.0,SCT,,,,,,,,,METAR SBAR 210600Z 07008KT 9999 SCT020 26/24 Q1010=,-
7,7,7,7,7,7,7,7,7,7,7,SBAR,21/02/2024 07:00,3.0,360.0,,25.0,24.0,1010.0,9999,,23.0,SCT,,,,,,,,,METAR SBAR 210700Z 36003KT 9999 SCT023 25/24 Q1010=,-
8,8,8,8,8,8,8,8,8,8,8,SBAR,21/02/2024 07:00,10.0,10.0,,25.0,23.0,1010.0,1000,+SHRA,15.0,BKN,,,,,,,,,-,SPECI SBAR 210744Z 01010KT 1000 +SHRA BKN015 25/23 Q1010=
9,9,9,9,9,9,9,9,9,9,9,SBAR,21/02/2024 08:00,10.0,50.0,,24.0,24.0,1010.0,1000,+SHRA,6.0,SCT,15.0,BKN,,,,,,,METAR SBAR 210800Z 05010KT 010V090 1000 +SHRA SCT006 BKN015 24/24 Q1010=,-
10,10,10,10,10,10,10,10,10,10,10,SBAR,21/02/2024 08:00,6.0,50.0,,25.0,24.0,1011.0,2500,-RA,9.0,BKN,23.0,OVC,,,,,,,-,SPECI SBAR 210815Z 05006KT 010V080 2500 -RA BKN009 OVC023 25/24 Q1011 RESHRA=
11,11,11,11,11,11,11,11,11,11,11,SBAR,21/02/2024 09:00,3.0,350.0,,25.0,24.0,1011.0,9999,-RA,15.0,FEW,50.0,BKN,8.0,OVC,,,,,METAR SBAR 210900Z 35003KT 9999 -RA FEW015 BKN050 OVC080 25/24 Q1011 RESHRA=,-
12,12,12,12,12,12,12,12,12,12,12,SBAR,21/02/2024 10:00,0.0,0.0,,25.0,24.0,1011.0,9999,VCSH,12.0,FEW,20.0,SCT,8.0,BKN,,,021T,FEW,METAR SBAR 211000Z 00000KT 9999 VCSH FEW012 SCT020 FEW021TCU BKN080 25/24 Q1011=,-
13,13,13,13,13,13,13,13,13,13,13,SBAR,21/02/2024 11:00,2.0,,,26.0,25.0,1012.0,7000,-RA,12.0,SCT,20.0,SCT,8.0,BKN,,,021T,FEW,METAR SBAR 211100Z VRB02KT 7000 -RA SCT012 SCT020 FEW021TCU BKN080 26/25 Q1012=,-
14,14,14,14,14,14,14,14,14,14,14,SBAR,21/02/2024 12:00,3.0,20.0,,28.0,25.0,1012.0,9999,,20.0,SCT,80.0,BKN,,,,,021T,FEW,METAR SBAR 211200Z 02003KT 330V050 9999 SCT020 FEW021TCU BKN080 28/25 Q1012=,-
15,15,15,15,15,15,15,15,15,15,15,SBAR,21/02/2024 13:00,5.0,110.0,,29.0,25.0,1012.0,9999,VCSH,20.0,SCT,80.0,BKN,,,,,021T,FEW,METAR SBAR 211300Z 11005KT 030V170 9999 VCSH SCT020 FEW021TCU BKN080 29/25 Q1012=,-
16,16,16,16,16,16,16,16,16,16,16,SBAR,21/02/2024 14:00,8.0,60.0,,30.0,25.0,1012.0,9999,VCSH,20.0,SCT,80.0,SCT,,,,,021T,FEW,METAR SBAR 211400Z 06008KT 020V100 9999 VCSH SCT020 FEW021TCU SCT080 30/25 Q1012=,-
17,17,17,17,17,17,17,17,17,17,17,SBCB,21/02/2024 09:00,2.0,10.0,,25.0,24.0,1007.0,9999,,30.0,SCT,60.0,BKN,,,,,,,METAR SBCB 210900Z 01002KT 9999 SCT030 BKN060 25/24 Q1007=,-
18,18,18,18,18,18,18,18,18,18,18,SBCB,21/02/2024 10:00,2.0,70.0,,25.0,24.0,1007.0,9999,,30.0,SCT,90.0,BKN,,,,,,,METAR SBCB 211000Z 07002KT 9999 SCT030 BKN090 25/24 Q1007=,-
19,19,19,19,19,19,19,19,19,19,19,SBCB,21/02/2024 11:00,4.0,40.0,,26.0,24.0,1007.0,9999,,30.0,FEW,90.0,BKN,,,,,,,METAR SBCB 211100Z 04004KT 9999 FEW030 BKN090 26/24 Q1007=,-
20,20,20,20,20,20,20,20,20,20,20,SBCB,21/02/2024 12:00,4.0,330.0,,27.0,24.0,1008.0,9999,,30.0,FEW,90.0,BKN,,,,,,,METAR SBCB 211200Z 33004KT 9999 FEW030 BKN090 27/24 Q1008=,-
21,21,21,21,21,21,21,21,21,21,21,SBCB,21/02/2024 13:00,8.0,40.0,,27.0,24.0,1008.0,9999,,30.0,FEW,90.0,BKN,,,,,,,METAR SBCB 211300Z 04008KT 9999 FEW030 BKN090 27/24 Q1008=,-
22,22,22,22,22,22,22,22,22,22,22,SBCB,21/02/2024 14:00,2.0,20.0,,29.0,24.0,1008.0,9999,,30.0,FEW,80.0,BKN,,,,,,,METAR SBCB 211400Z 02002KT 9999 FEW030 BKN080 29/24 Q1008=,-
23,23,23,23,23,23,23,23,23,23,23,SBCP,21/02/2024 00:00,4.0,60.0,,25.0,25.0,1008.0,9999,,25.0,FEW,90.0,SCT,,,,,,,METAR SBCP 210000Z 06004KT 9999 FEW025 SCT090 25/25 Q1008=,-
24,24,24,24,24,24,24,24,24,24,24,SBCP,21/02/2024 09:00,8.0,330.0,,24.0,23.0,1008.0,9999,,25.0,FEW,100.0,BKN,,,,,,,-,SPECI SBCP 210915Z 33008KT 9999 FEW025 BKN100 24/23 Q1008=
25,25,25,25,25,25,25,25,25,25,25,SBCP,21/02/2024 10:00,8.0,340.0,,25.0,23.0,1008.0,9999,,25.0,SCT,100.0,BKN,,,,,,,METAR SBCP 211000Z 34008KT 9999 SCT025 BKN100 25/23 Q1008=,-
26,26,26,26,26,26,26,26,26,26,26,SBCP,21/02/2024 11:00,7.0,20.0,,25.0,24.0,1009.0,9999,,25.0,SCT,100.0,BKN,,,,,,,METAR SBCP 211100Z 02007KT 9999 SCT025 BKN100 25/24 Q1009=,-
27,27,27,27,27,27,27,27,27,27,27,SBCP,21/02/2024 12:00,7.0,360.0,,26.0,24.0,1010.0,9999,,20.0,BKN,100.0,BKN,,,,,,,METAR SBCP 211200Z 36007KT 9999 BKN020 BKN100 26/24 Q1010=,-
28,28,28,28,28,28,28,28,28,28,28,SBCP,21/02/2024 13:00,8.0,360.0,,26.0,25.0,1010.0,9000,-RA,10.0,SCT,90.0,BKN,,,,,,,METAR SBCP 211300Z 36008KT 9000 -RA SCT010 BKN090 26/25 Q1010=,-
29,29,29,29,29,29,29,29,29,29,29,SBCP,21/02/2024 14:00,9.0,10.0,,27.0,25.0,1009.0,9999,,15.0,SCT,90.0,BKN,,,,,,,METAR SBCP 211400Z 01009KT 9999 SCT015 BKN090 27/25 Q1009=,-
30,30,30,30,30,30,30,30,30,30,30,SBES,21/02/2024 00:00,3.0,60.0,,25.0,23.0,1008.0,9999,-DZ,15.0,FEW,40.0,BKN,10.0,OVC,,,,,METAR SBES 210000Z 06003KT 9999 -DZ FEW015 BKN040 OVC100 25/23 Q1008=,-
31,31,31,31,31,31,31,31,31,31,31,SBES,21/02/2024 01:00,3.0,50.0,,25.0,24.0,1008.0,9000,-DZ,6.0,FEW,15.0,SCT,4.0,BKN,,,,,METAR SBES 210100Z 05003KT 360V110 9000 -DZ FEW006 SCT015 BKN040 25/24 Q1008=,-
32,32,32,32,32,32,32,32,32,32,32,SBES,21/02/2024 02:00,3.0,20.0,,24.0,24.0,1008.0,9999,VCTS,6.0,FEW,15.0,SCT,4.0,BKN,,,030,FEW,METAR SBES 210200Z 02003KT 340V070 9999 VCTS FEW006 SCT015 FEW030CB BKN040 24/24 Q1008=,-
33,33,33,33,33,33,33,33,33,33,33,SBES,21/02/2024 02:00,5.0,50.0,,25.0,24.0,1007.0,9999,-DZ,6.0,FEW,40.0,BKN,10.0,OVC,,,,,-,SPECI SBES 210240Z 05005KT 9999 -DZ FEW006 BKN040 OVC100 25/24 Q1007=
34,34,34,34,34,34,34,34,34,34,34,SBES,21/02/2024 08:00,0.0,0.0,,24.0,24.0,1006.0,9999,,4.0,SCT,40.0,BKN,10.0,OVC,,,,,-,SPECI SBES 210820Z 00000KT 9999 SCT004 BKN040 OVC100 24/24 Q1006=
35,35,35,35,35,35,35,35,35,35,35,SBES,21/02/2024 09:00,1.0,,,24.0,23.0,1006.0,9999,,4.0,FEW,40.0,SCT,10.0,OVC,,,,,METAR SBES 210900Z VRB01KT 9999 FEW004 SCT040 OVC100 24/23 Q1006=,-
36,36,36,36,36,36,36,36,36,36,36,SBES,21/02/2024 10:00,0.0,0.0,,24.0,24.0,1007.0,9999,VCSH,40.0,SCT,100.0,OVC,,,,,,,METAR SBES 211000Z 00000KT 9999 VCSH SCT040 OVC100 24/24 Q1007=,-
37,37,37,37,37,37,37,37,37,37,37,SBES,21/02/2024 11:00,2.0,,,25.0,24.0,1007.0,9999,,40.0,SCT,100.0,BKN,,,,,,,METAR SBES 211100Z VRB02KT 9999 SCT040 BKN100 25/24 Q1007=,-
38,38,38,38,38,38,38,38,38,38,38,SBES,21/02/2024 12:00,3.0,50.0,,26.0,24.0,1008.0,9999,-RA,45.0,SCT,100.0,BKN,,,,,,,METAR SBES 211200Z 05003KT 010V090 9999 -RA SCT045 BKN100 26/24 Q1008=,-
39,39,39,39,39,39,39,39,39,39,39,SBES,21/02/2024 13:00,6.0,60.0,,27.0,24.0,1008.0,9999,,9.0,FEW,45.0,SCT,10.0,BKN,,,,,METAR SBES 211300Z 06006KT 020V080 9999 FEW009 SCT045 BKN100 27/24 Q1008=,-
40,40,40,40,40,40,40,40,40,40,40,SBES,21/02/2024 14:00,6.0,60.0,,28.0,24.0,1008.0,9999,,30.0,FEW,100.0,BKN,,,,,,,METAR SBES 211400Z 06006KT 9999 FEW030 BKN100 28/24 Q1008=,-
41,41,41,41,41,41,41,41,41,41,41,SBFN,21/02/2024 00:00,5.0,90.0,,28.0,24.0,1012.0,9999,,18.0,FEW,,,,,,,,,METAR SBFN 210000Z AUTO 09005KT 050V120 9999 FEW018 28/24 Q1012=,-
42,42,42,42,42,42,42,42,42,42,42,SBFN,21/02/2024 01:00,4.0,90.0,,28.0,25.0,1012.0,9999,,18.0,FEW,,,,,,,,,METAR SBFN 210100Z AUTO 09004KT 030V120 9999 FEW018 28/25 Q1012=,-
43,43,43,43,43,43,43,43,43,43,43,SBFN,21/02/2024 02:00,5.0,90.0,,28.0,24.0,1012.0,9999,,19.0,FEW,,,,,,,,,METAR SBFN 210200Z AUTO 09005KT 060V120 9999 FEW019 28/24 Q1012=,-
44,44,44,44,44,44,44,44,44,44,44,SBFN,21/02/2024 03:00,4.0,80.0,,28.0,24.0,1011.0,9999,,18.0,FEW,,,,,,,,,METAR SBFN 210300Z AUTO 08004KT 030V120 9999 FEW018 28/24 Q1011=,-
45,45,45,45,45,45,45,45,45,45,45,SBFN,21/02/2024 04:00,4.0,90.0,,27.0,24.0,1010.0,9999,,18.0,FEW,,,,,,,,,METAR SBFN 210400Z AUTO 09004KT 050V120 9999 FEW018 27/24 Q1010=,-
46,46,46,46,46,46,46,46,46,46,46,SBFN,21/02/2024 05:00,3.0,80.0,,27.0,24.0,1010.0,9999,,16.0,FEW,,,,,,,,,METAR SBFN 210500Z AUTO 08003KT 030V110 9999 FEW016 27/24 Q1010=,-
47,47,47,47,47,47,47,47,47,47,47,SBFN,21/02/2024 06:00,2.0,,,27.0,24.0,1010.0,9999,,17.0,BKN,,,,,,,,,METAR SBFN 210600Z AUTO VRB02KT 9999 BKN017 27/24 Q1010=,-
48,48,48,48,48,48,48,48,48,48,48,SBFN,21/02/2024 07:00,3.0,100.0,,27.0,24.0,1010.0,9999,,18.0,FEW,,,,,,,,,METAR SBFN 210700Z AUTO 10003KT 070V130 9999 FEW018 27/24 Q1010=,-
49,49,49,49,49,49,49,49,49,49,49,SBFN,21/02/2024 08:00,4.0,90.0,,27.0,24.0,1011.0,9999,,18.0,FEW,,,,,,,,,METAR SBFN 210800Z AUTO 09004KT 040V120 9999 FEW018 27/24 Q1011=,-
50,50,50,50,50,50,50,50,50,50,50,SBFN,21/02/2024 09:00,4.0,80.0,,28.0,24.0,1011.0,9999,,,,,,,,,,,,METAR SBFN 210900Z AUTO 08004KT 040V120 CAVOK 28/24 Q1011=,-
51,51,51,51,51,51,51,51,51,51,51,SBFN,21/02/2024 10:00,5.0,90.0,,29.0,25.0,1011.0,9999,,17.0,BKN,,,,,,,,,METAR SBFN 211000Z AUTO 09005KT 360V120 9999 BKN017 29/25 Q1011=,-
52,52,52,52,52,52,52,52,52,52,52,SBFN,21/02/2024 11:00,4.0,70.0,,29.0,25.0,1012.0,9999,,19.0,BKN,,,,,,,,,METAR SBFN 211100Z AUTO 07004KT 020V120 9999 BKN019 29/25 Q1012=,-
53,53,53,53,53,53,53,53,53,53,53,SBFN,21/02/2024 12:00,8.0,120.0,,31.0,24.0,1012.0,9999,,21.0,FEW,,,,,,,,,METAR SBFN 211200Z AUTO 12008KT 090V150 9999 FEW021 31/24 Q1012=,-
54,54,54,54,54,54,54,54,54,54,54,SBFN,21/02/2024 13:00,7.0,100.0,,31.0,24.0,1012.0,9999,,21.0,SCT,,,,,,,,,METAR SBFN 211300Z AUTO 10007KT 050V140 9999 SCT021 31/24 Q1012=,-
55,55,55,55,55,55,55,55,55,55,55,SBFN,21/02/2024 14:00,4.0,90.0,,32.0,25.0,1012.0,9999,,23.0,BKN,,,,,,,,,METAR SBFN 211400Z AUTO 09004KT 010V170 9999 BKN023 32/25 Q1012=,-
56,56,56,56,56,56,56,56,56,56,56,SBFS,21/02/2024 09:00,7.0,10.0,,24.0,23.0,1007.0,9999,,30.0,BKN,90.0,BKN,,,,,,,-,SPECI SBFS 210915Z 01007KT 9999 BKN030 BKN090 24/23 Q1007=
57,57,57,57,57,57,57,57,57,57,57,SBFS,21/02/2024 10:00,8.0,10.0,,25.0,24.0,1008.0,9999,,30.0,SCT,90.0,BKN,,,,,,,METAR SBFS 211000Z 01008KT 9999 SCT030 BKN090 25/24 Q1008=,-
58,58,58,58,58,58,58,58,58,58,58,SBFS,21/02/2024 10:00,9.0,10.0,,25.0,24.0,1008.0,9999,,7.0,BKN,30.0,SCT,9.0,BKN,,,,,-,SPECI SBFS 211020Z 01009KT 9999 BKN007 SCT030 BKN090 25/24 Q1008=
59,59,59,59,59,59,59,59,59,59,59,SBFS,21/02/2024 11:00,8.0,10.0,,25.0,24.0,1009.0,9999,,8.0,SCT,30.0,SCT,9.0,BKN,,,,,METAR SBFS 211100Z 01008KT 9999 SCT008 SCT030 BKN090 25/24 Q1009=,-
60,60,60,60,60,60,60,60,60,60,60,SBFS,21/02/2024 11:00,9.0,20.0,,26.0,25.0,1009.0,9999,,7.0,BKN,30.0,SCT,9.0,BKN,,,,,-,SPECI SBFS 211114Z 02009KT 9999 BKN007 SCT030 BKN090 26/25 Q1009=
61,61,61,61,61,61,61,61,61,61,61,SBFS,21/02/2024 12:00,11.0,20.0,,26.0,25.0,1009.0,9999,,7.0,SCT,90.0,BKN,,,,,,,METAR SBFS 211200Z 02011KT 9999 SCT007 BKN090 26/25 Q1009=,-
62,62,62,62,62,62,62,62,62,62,62,SBFS,21/02/2024 13:00,13.0,10.0,,27.0,25.0,1010.0,9999,,7.0,SCT,90.0,BKN,,,,,,,METAR SBFS 211300Z 01013KT 9999 SCT007 BKN090 27/25 Q1010=,-
63,63,63,63,63,63,63,63,63,63,63,SBFS,21/02/2024 14:00,11.0,30.0,,27.0,25.0,1009.0,9999,-RA,8.0,SCT,100.0,OVC,,,,,,,METAR SBFS 211400Z 03011KT 9999 -RA SCT008 OVC100 27/25 Q1009=,-
64,64,64,64,64,64,64,64,64,64,64,SBFZ,21/02/2024 00:00,5.0,290.0,,28.0,25.0,1012.0,9999,,17.0,FEW,,,,,,,,,METAR SBFZ 210000Z 29005KT 9999 FEW017 28/25 Q1012=,-
65,65,65,65,65,65,65,65,65,65,65,SBFZ,21/02/2024 01:00,6.0,260.0,,27.0,25.0,1012.0,9999,,20.0,FEW,,,,,,,,,METAR SBFZ 210100Z 26006KT 9999 FEW020 27/25 Q1012=,-
66,66,66,66,66,66,66,66,66,66,66,SBFZ,21/02/2024 02:00,6.0,280.0,,27.0,25.0,1011.0,9999,,23.0,SCT,,,,,,,,,METAR SBFZ 210200Z 28006KT 9999 SCT023 27/25 Q1011=,-
67,67,67,67,67,67,67,67,67,67,67,SBFZ,21/02/2024 03:00,5.0,20.0,,26.0,23.0,1011.0,8000,-RA,12.0,FEW,23.0,SCT,,,,,030T,FEW,METAR SBFZ 210300Z 02005KT 350V060 8000 -RA FEW012 SCT023 FEW030TCU 26/23 Q1011=,-
68,68,68,68,68,68,68,68,68,68,68,SBFZ,21/02/2024 04:00,3.0,30.0,,26.0,22.0,1011.0,9999,,25.0,FEW,70.0,SCT,,,,,,,METAR SBFZ 210400Z 03003KT 350V090 9999 FEW025 SCT070 26/22 Q1011=,-
69,69,69,69,69,69,69,69,69,69,69,SBFZ,21/02/2024 05:00,4.0,320.0,,25.0,23.0,1010.0,9999,,,,,,,,,,,,METAR SBFZ 210500Z 32004KT CAVOK 25/23 Q1010=,-
70,70,70,70,70,70,70,70,70,70,70,SBFZ,21/02/2024 06:00,3.0,290.0,,25.0,24.0,1010.0,9999,,10.0,FEW,15.0,SCT,8.0,BKN,,,,,METAR SBFZ 210600Z 29003KT 9999 FEW010 SCT015 BKN080 25/24 Q1010=,-
71,71,71,71,71,71,71,71,71,71,71,SBFZ,21/02/2024 07:00,4.0,,,25.0,24.0,1010.0,5000,-RA,5.0,FEW,10.0,BKN,8.0,BKN,,,,,METAR SBFZ 210700Z VRB04KT 5000 -RA FEW005 BKN010 BKN080 25/24 Q1010=,-
72,72,72,72,72,72,72,72,72,72,72,SBFZ,21/02/2024 08:00,8.0,70.0,,24.0,23.0,1010.0,9999,,10.0,FEW,80.0,BKN,,,,,,,METAR SBFZ 210800Z 07008KT 9999 FEW010 BKN080 24/23 Q1010=,-
73,73,73,73,73,73,73,73,73,73,73,SBFZ,21/02/2024 09:00,5.0,50.0,,24.0,23.0,1011.0,3000,RA,8.0,BKN,15.0,BKN,,,,,,,METAR SBFZ 210900Z 05005KT 010V090 3000 RA BKN008 BKN015 24/23 Q1011=,-
74,74,74,74,74,74,74,74,74,74,74,SBFZ,21/02/2024 10:00,5.0,70.0,,25.0,24.0,1012.0,8000,-RA,17.0,BKN,63.0,BKN,,,,,,,METAR SBFZ 211000Z 07005KT 8000 -RA BKN017 BKN063 25/24 Q1012 RERA=,-
75,75,75,75,75,75,75,75,75,75,75,SBFZ,21/02/2024 11:00,2.0,10.0,,25.0,23.0,1012.0,9999,,15.0,BKN,17.0,BKN,8.0,BKN,,,,,METAR SBFZ 211100Z 01002KT 9999 BKN015 BKN017 BKN080 25/23 Q1012=,-
76,76,76,76,76,76,76,76,76,76,76,SBFZ,21/02/2024 12:00,3.0,180.0,,26.0,24.0,1013.0,9999,,10.0,FEW,17.0,BKN,7.0,BKN,,,,,METAR SBFZ 211200Z 18003KT 9999 FEW010 BKN017 BKN070 26/24 Q1013=,-
77,77,77,77,77,77,77,77,77,77,77,SBFZ,21/02/2024 13:00,1.0,,,27.0,25.0,1013.0,9999,SHRA,9.0,SCT,17.0,BKN,7.0,BKN,,,025T,FEW,METAR SBFZ 211300Z VRB01KT 9999 SHRA SCT009 BKN017 FEW025TCU BKN070 27/25 Q1013=,-
78,78,78,78,78,78,78,78,78,78,78,SBFZ,21/02/2024 14:00,11.0,110.0,,26.0,24.0,1013.0,5000,-RA,10.0,SCT,13.0,BKN,7.0,BKN,,,025T,FEW,METAR SBFZ 211400Z 11011KT 5000 -RA SCT010 BKN013 FEW025TCU BKN070 26/24 Q1013 RESHRA=,-
79,79,79,79,79,79,79,79,79,79,79,SBGL,21/02/2024 00:00,5.0,130.0,,25.0,23.0,1007.0,8000,,30.0,SCT,40.0,BKN,,,,,,,METAR SBGL 210000Z 13005KT 8000 SCT030 BKN040 25/23 Q1007=,-
80,80,80,80,80,80,80,80,80,80,80,SBGL,21/02/2024 01:00,5.0,130.0,,25.0,23.0,1008.0,9999,,23.0,SCT,30.0,BKN,,,,,,,METAR SBGL 210100Z 13005KT 9999 SCT023 BKN030 25/23 Q1008=,-
81,81,81,81,81,81,81,81,81,81,81,SBGL,21/02/2024 02:00,2.0,100.0,,25.0,22.0,1008.0,9999,,30.0,SCT,50.0,BKN,,,,,,,METAR SBGL 210200Z 10002KT 9999 SCT030 BKN050 25/22 Q1008=,-
82,82,82,82,82,82,82,82,82,82,82,SBGL,21/02/2024 03:00,2.0,270.0,,25.0,23.0,1007.0,9999,,9.0,FEW,50.0,SCT,,,,,,,METAR SBGL 210300Z 27002KT 9999 FEW009 SCT050 25/23 Q1007=,-
83,83,83,83,83,83,83,83,83,83,83,SBGL,21/02/2024 04:00,5.0,330.0,,25.0,23.0,1007.0,9999,,17.0,FEW,80.0,BKN,,,,,,,METAR SBGL 210400Z 33005KT 9999 FEW017 BKN080 25/23 Q1007=,-
84,84,84,84,84,84,84,84,84,84,84,SBGL,21/02/2024 05:00,5.0,310.0,,24.0,23.0,1006.0,8000,,17.0,FEW,80.0,BKN,,,,,,,METAR SBGL 210500Z 31005KT 8000 FEW017 BKN080 24/23 Q1006=,-
85,85,85,85,85,85,85,85,85,85,85,SBGL,21/02/2024 06:00,5.0,290.0,,24.0,23.0,1006.0,8000,,17.0,FEW,80.0,BKN,,,,,,,METAR SBGL 210600Z 29005KT 8000 FEW017 BKN080 24/23 Q1006=,-
86,86,86,86,86,86,86,86,86,86,86,SBGL,21/02/2024 07:00,5.0,340.0,,24.0,23.0,1006.0,7000,,17.0,FEW,80.0,BKN,,,,,,,METAR SBGL 210700Z 34005KT 7000 FEW017 BKN080 24/23 Q1006=,-
87,87,87,87,87,87,87,87,87,87,87,SBGL,21/02/2024 08:00,5.0,50.0,,25.0,23.0,1006.0,9999,,17.0,FEW,80.0,BKN,,,,,,,METAR SBGL 210800Z 05005KT 9999 FEW017 BKN080 25/23 Q1006=,-
88,88,88,88,88,88,88,88,88,88,88,SBGL,21/02/2024 09:00,2.0,350.0,,25.0,23.0,1006.0,7000,,15.0,FEW,80.0,BKN,,,,,,,METAR SBGL 210900Z 35002KT 7000 FEW015 BKN080 25/23 Q1006=,-
89,89,89,89,89,89,89,89,89,89,89,SBGL,21/02/2024 10:00,5.0,330.0,,25.0,23.0,1006.0,8000,,17.0,FEW,100.0,BKN,,,,,,,METAR SBGL 211000Z 33005KT 8000 FEW017 BKN100 25/23 Q1006=,-
90,90,90,90,90,90,90,90,90,90,90,SBGL,21/02/2024 11:00,3.0,350.0,,26.0,23.0,1007.0,7000,,7.0,FEW,100.0,BKN,,,,,,,METAR SBGL 211100Z 35003KT 7000 FEW007 BKN100 26/23 Q1007=,-
91,91,91,91,91,91,91,91,91,91,91,SBGL,21/02/2024 12:00,4.0,,,28.0,24.0,1007.0,7000,,10.0,FEW,100.0,SCT,,,,,,,METAR SBGL 211200Z VRB04KT 7000 FEW010 SCT100 28/24 Q1007=,-
92,92,92,92,92,92,92,92,92,92,92,SBGL,21/02/2024 13:00,6.0,130.0,,28.0,24.0,1008.0,7000,,10.0,FEW,100.0,SCT,,,,,,,METAR SBGL 211300Z 13006KT 100V170 7000 FEW010 SCT100 28/24 Q1008=,-
93,93,93,93,93,93,93,93,93,93,93,SBGL,21/02/2024 14:00,10.0,110.0,,30.0,24.0,1008.0,7000,,68.0,SCT,,,,,,,035T,FEW,METAR SBGL 211400Z 11010KT 070V160 7000 FEW035TCU SCT068 30/24 Q1008=,-
94,94,94,94,94,94,94,94,94,94,94,SBJE,21/02/2024 12:00,7.0,100.0,,25.0,25.0,1013.0,9999,,20.0,BKN,90.0,BKN,,,,,,,-,SPECI SBJE 211230Z 10007KT 9999 BKN020 BKN090 25/25 Q1013=
95,95,95,95,95,95,95,95,95,95,95,SBJE,21/02/2024 13:00,8.0,50.0,,25.0,24.0,1013.0,6000,-RA,18.0,BKN,90.0,BKN,,,,,,,METAR SBJE 211300Z 05008KT 6000 -RA BKN018 BKN090 25/24 Q1013=,-
96,96,96,96,96,96,96,96,96,96,96,SBJE,21/02/2024 14:00,12.0,60.0,,25.0,24.0,1012.0,8000,-RA,18.0,BKN,90.0,BKN,,,,,,,METAR SBJE 211400Z 06012KT 8000 -RA BKN018 BKN090 25/24 Q1012=,-
97,97,97,97,97,97,97,97,97,97,97,SBJP,21/02/2024 00:00,4.0,70.0,,28.0,25.0,1012.0,9999,,20.0,FEW,,,,,,,,,METAR SBJP 210000Z 07004KT 9999 FEW020 28/25 Q1012=,-
98,98,98,98,98,98,98,98,98,98,98,SBJP,21/02/2024 01:00,2.0,70.0,,28.0,26.0,1012.0,9999,,20.0,FEW,100.0,BKN,,,,,,,METAR SBJP 210100Z 07002KT 9999 FEW020 BKN100 28/26 Q1012=,-
99,99,99,99,99,99,99,99,99,99,99,SBJP,21/02/2024 02:00,7.0,310.0,,26.0,25.0,1012.0,9999,,17.0,SCT,,,,,,,,,METAR SBJP 210200Z 31007KT 280V340 9999 SCT017 26/25 Q1012=,-
100,100,100,100,100,100,100,100,100,100,100,SBJP,21/02/2024 03:00,3.0,340.0,,26.0,25.0,1011.0,9999,,15.0,FEW,18.0,BKN,,,,,,,METAR SBJP 210300Z 34003KT 280V030 9999 FEW015 BKN018 26/25 Q1011=,-
101,101,101,101,101,101,101,101,101,101,101,SBJP,21/02/2024 04:00,3.0,280.0,,25.0,25.0,1011.0,9999,,21.0,FEW,40.0,SCT,,,,,,,METAR SBJP 210400Z 28003KT 230V320 9999 FEW021 SCT040 25/25 Q1011=,-
102,102,102,102,102,102,102,102,102,102,102,SBJP,21/02/2024 05:00,3.0,290.0,,25.0,25.0,1010.0,9999,,9.0,FEW,33.0,BKN,,,,,,,METAR SBJP 210500Z 29003KT 190V320 9999 FEW009 BKN033 25/25 Q1010=,-
103,103,103,103,103,103,103,103,103,103,103,SBJP,21/02/2024 06:00,4.0,230.0,,25.0,25.0,1010.0,9999,,5.0,FEW,,,,,,,,,METAR SBJP 210600Z 23004KT 190V270 9999 FEW005 25/25 Q1010=,-
104,104,104,104,104,104,104,104,104,104,104,SBJP,21/02/2024 07:00,4.0,270.0,,25.0,25.0,1011.0,9999,,19.0,SCT,,,,,,,,,METAR SBJP 210700Z 27004KT 240V300 9999 SCT019 25/25 Q1011=,-
105,105,105,105,105,105,105,105,105,105,105,SBJP,21/02/2024 08:00,3.0,240.0,,25.0,24.0,1011.0,9999,,23.0,FEW,,,,,,,,,METAR SBJP 210800Z 24003KT 9999 FEW023 25/24 Q1011=,-
106,106,106,106,106,106,106,106,106,106,106,SBJP,21/02/2024 09:00,3.0,260.0,,25.0,24.0,1011.0,9999,,23.0,FEW,,,,,,,,,METAR SBJP 210900Z 26003KT 9999 FEW023 25/24 Q1011=,-
107,107,107,107,107,107,107,107,107,107,107,SBJP,21/02/2024 10:00,3.0,240.0,,25.0,25.0,1012.0,9999,,20.0,FEW,,,,,,,,,METAR SBJP 211000Z 24003KT 9999 FEW020 25/25 Q1012=,-
108,108,108,108,108,108,108,108,108,108,108,SBJP,21/02/2024 11:00,2.0,230.0,,26.0,25.0,1013.0,9999,,20.0,FEW,,,,,,,,,METAR SBJP 211100Z 23002KT 9999 FEW020 26/25 Q1013=,-
109,109,109,109,109,109,109,109,109,109,109,SBJP,21/02/2024 12:00,0.0,0.0,,27.0,25.0,1013.0,9999,,20.0,FEW,,,,,,,,,METAR SBJP 211200Z 00000KT 9999 FEW020 27/25 Q1013=,-
110,110,110,110,110,110,110,110,110,110,110,SBJP,21/02/2024 13:00,3.0,360.0,,30.0,25.0,1012.0,9999,,20.0,FEW,,,,,,,,,METAR SBJP 211300Z 36003KT 9999 FEW020 30/25 Q1012=,-
111,111,111,111,111,111,111,111,111,111,111,SBJP,21/02/2024 14:00,3.0,40.0,,31.0,24.0,1012.0,9999,,20.0,BKN,,,,,,,,,METAR SBJP 211400Z 04003KT 9999 BKN020 31/24 Q1012=,-
112,112,112,112,112,112,112,112,112,112,112,SBJR,21/02/2024 00:00,1.0,320.0,,25.0,25.0,1007.0,9999,,30.0,SCT,50.0,OVC,,,,,,,METAR SBJR 210000Z 32001KT 9999 SCT030 OVC050 25/25 Q1007=,-
113,113,113,113,113,113,113,113,113,113,113,SBJR,21/02/2024 00:00,0.0,0.0,,25.0,25.0,1008.0,9999,,30.0,SCT,60.0,BKN,,,,,,,-,SPECI SBJR 210045Z 00000KT 9999 SCT030 BKN060 25/25 Q1008=
114,114,114,114,114,114,114,114,114,114,114,SBJR,21/02/2024 09:00,2.0,340.0,,25.0,25.0,1006.0,9999,,20.0,FEW,100.0,BKN,,,,,,,-,SPECI SBJR 210915Z 34002KT 9999 FEW020 BKN100 25/25 Q1006=
115,115,115,115,115,115,115,115,115,115,115,SBJR,21/02/2024 10:00,2.0,330.0,,25.0,25.0,1006.0,9999,,17.0,FEW,100.0,BKN,,,,,,,METAR SBJR 211000Z 33002KT 9999 FEW017 BKN100 25/25 Q1006=,-
116,116,116,116,116,116,116,116,116,116,116,SBJR,21/02/2024 11:00,2.0,240.0,,26.0,26.0,1007.0,9999,,17.0,FEW,,,,,,,,,METAR SBJR 211100Z 24002KT 9999 FEW017 26/26 Q1007=,-
117,117,117,117,117,117,117,117,117,117,117,SBJR,21/02/2024 12:00,3.0,190.0,,31.0,26.0,1008.0,9999,,17.0,FEW,,,,,,,,,METAR SBJR 211200Z 19003KT 9999 FEW017 31/26 Q1008=,-
118,118,118,118,118,118,118,118,118,118,118,SBJR,21/02/2024 13:00,5.0,200.0,,30.0,26.0,1008.0,9999,,12.0,FEW,16.0,BKN,,,,,,,METAR SBJR 211300Z 20005KT 9999 FEW012 BKN016 30/26 Q1008=,-
119,119,119,119,119,119,119,119,119,119,119,SBJR,21/02/2024 14:00,5.0,190.0,,31.0,26.0,1008.0,9999,,16.0,SCT,25.0,BKN,,,,,,,METAR SBJR 211400Z 19005KT 9999 SCT016 BKN025 31/26 Q1008=,-
120,120,120,120,120,120,120,120,120,120,120,SBJU,21/02/2024 00:00,4.0,310.0,,26.0,24.0,1015.0,9999,,20.0,SCT,,,,,,,,,METAR SBJU 210000Z 31004KT 9999 SCT020 26/24 Q1015=,-
121,121,121,121,121,121,121,121,121,121,121,SBJU,21/02/2024 01:00,4.0,330.0,,26.0,24.0,1016.0,9999,,20.0,SCT,,,,,,,,,METAR SBJU 210100Z 33004KT 9999 SCT020 26/24 Q1016=,-
122,122,122,122,122,122,122,122,122,122,122,SBJU,21/02/2024 02:00,0.0,0.0,,26.0,24.0,1016.0,9999,,20.0,SCT,,,,,,,,,METAR SBJU 210200Z 00000KT 9999 SCT020 26/24 Q1016=,-
123,123,123,123,123,123,123,123,123,123,123,SBJU,21/02/2024 03:00,0.0,0.0,,25.0,24.0,1015.0,9999,,20.0,SCT,,,,,,,,,METAR SBJU 210300Z 00000KT 9999 SCT020 25/24 Q1015=,-
124,124,124,124,124,124,124,124,124,124,124,SBJU,21/02/2024 04:00,0.0,0.0,,25.0,24.0,1015.0,9999,,20.0,BKN,,,,,,,,,METAR SBJU 210400Z 00000KT 9999 BKN020 25/24 Q1015=,-
125,125,125,125,125,125,125,125,125,125,125,SBJU,21/02/2024 05:00,4.0,70.0,,25.0,24.0,1015.0,9999,,20.0,BKN,,,,,,,,,METAR SBJU 210500Z 07004KT 9999 BKN020 25/24 Q1015=,-
126,126,126,126,126,126,126,126,126,126,126,SBJU,21/02/2024 06:00,5.0,90.0,,24.0,23.0,1014.0,9999,,20.0,BKN,,,,,,,,,METAR SBJU 210600Z 09005KT 9999 BKN020 24/23 Q1014=,-
127,127,127,127,127,127,127,127,127,127,127,SBJU,21/02/2024 07:00,3.0,120.0,,23.0,23.0,1015.0,8000,-RA,15.0,SCT,20.0,BKN,,,,,,,METAR SBJU 210700Z 12003KT 8000 -RA SCT015 BKN020 23/23 Q1015=,-
128,128,128,128,128,128,128,128,128,128,128,SBJU,21/02/2024 08:00,3.0,130.0,,23.0,23.0,1015.0,9999,,20.0,BKN,,,,,,,,,METAR SBJU 210800Z 13003KT 9999 BKN020 23/23 Q1015=,-
129,129,129,129,129,129,129,129,129,129,129,SBJU,21/02/2024 09:00,2.0,180.0,,23.0,23.0,1015.0,9999,,15.0,SCT,20.0,BKN,,,,,,,METAR SBJU 210900Z 18002KT 9999 SCT015 BKN020 23/23 Q1015=,-
130,130,130,130,130,130,130,130,130,130,130,SBJU,21/02/2024 10:00,0.0,0.0,,24.0,23.0,1016.0,9999,,13.0,SCT,20.0,BKN,,,,,,,METAR SBJU 211000Z 00000KT 9999 SCT013 BKN020 24/23 Q1016=,-
131,131,131,131,131,131,131,131,131,131,131,SBJU,21/02/2024 11:00,0.0,0.0,,25.0,23.0,1017.0,9999,,13.0,FEW,20.0,BKN,,,,,,,METAR SBJU 211100Z 00000KT 9999 FEW013 BKN020 25/23 Q1017=,-
132,132,132,132,132,132,132,132,132,132,132,SBJU,21/02/2024 12:00,0.0,0.0,,27.0,24.0,1017.0,9999,,20.0,BKN,,,,,,,,,METAR SBJU 211200Z 00000KT 9999 BKN020 27/24 Q1017=,-
133,133,133,133,133,133,133,133,133,133,133,SBJU,21/02/2024 13:00,2.0,60.0,,27.0,24.0,1016.0,9999,,20.0,BKN,,,,,,,,,METAR SBJU 211300Z 06002KT 9999 BKN020 27/24 Q1016=,-
134,134,134,134,134,134,134,134,134,134,134,SBJU,21/02/2024 14:00,4.0,60.0,,28.0,23.0,1017.0,9999,,20.0,BKN,,,,,,,,,METAR SBJU 211400Z 06004KT 9999 BKN020 28/23 Q1017=,-
135,135,135,135,135,135,135,135,135,135,135,SBKG,21/02/2024 00:00,7.0,60.0,,26.0,23.0,1014.0,9999,,20.0,SCT,80.0,BKN,,,,,,,METAR SBKG 210000Z 06007KT 9999 SCT020 BKN080 26/23 Q1014=,-
136,136,136,136,136,136,136,136,136,136,136,SBKG,21/02/2024 01:00,8.0,70.0,,25.0,23.0,1015.0,9999,,8.0,SCT,,,,,,,,,METAR SBKG 210100Z 07008KT 9999 SCT008 25/23 Q1015=,-
137,137,137,137,137,137,137,137,137,137,137,SBKG,21/02/2024 02:00,7.0,90.0,,25.0,23.0,1014.0,9999,,7.0,BKN,,,,,,,,,METAR SBKG 210200Z 09007KT 9999 BKN007 25/23 Q1014=,-
138,138,138,138,138,138,138,138,138,138,138,SBKG,21/02/2024 03:00,7.0,90.0,,24.0,23.0,1014.0,9999,,6.0,SCT,7.0,BKN,,,,,,,METAR SBKG 210300Z 09007KT 9999 SCT006 BKN007 24/23 Q1014=,-
139,139,139,139,139,139,139,139,139,139,139,SBKG,21/02/2024 04:00,4.0,70.0,,24.0,22.0,1013.0,9999,,7.0,FEW,70.0,BKN,,,,,,,METAR SBKG 210400Z 07004KT 9999 FEW007 BKN070 24/22 Q1013=,-
140,140,140,140,140,140,140,140,140,140,140,SBKG,21/02/2024 05:00,4.0,60.0,,24.0,22.0,1013.0,9999,,7.0,FEW,70.0,SCT,,,,,,,METAR SBKG 210500Z 06004KT 9999 FEW007 SCT070 24/22 Q1013=,-
141,141,141,141,141,141,141,141,141,141,141,SBKG,21/02/2024 06:00,6.0,100.0,,23.0,22.0,1012.0,9999,,5.0,FEW,7.0,BKN,,,,,,,METAR SBKG 210600Z 10006KT 9999 FEW005 BKN007 23/22 Q1012=,-
142,142,142,142,142,142,142,142,142,142,142,SBKG,21/02/2024 07:00,4.0,80.0,,23.0,22.0,1013.0,9999,,5.0,FEW,7.0,BKN,,,,,,,METAR SBKG 210700Z 08004KT 9999 FEW005 BKN007 23/22 Q1013=,-
143,143,143,143,143,143,143,143,143,143,143,SBKG,21/02/2024 08:00,3.0,80.0,,23.0,22.0,1013.0,9999,,5.0,FEW,7.0,SCT,,,,,,,METAR SBKG 210800Z 08003KT 9999 FEW005 SCT007 23/22 Q1013=,-
144,144,144,144,144,144,144,144,144,144,144,SBKG,21/02/2024 09:00,3.0,100.0,,23.0,22.0,1013.0,6000,,5.0,SCT,6.0,BKN,7.0,BKN,,,,,METAR SBKG 210900Z 10003KT 6000 1500SE SCT005 BKN006 BKN070 23/22 Q1013=,-
145,145,145,145,145,145,145,145,145,145,145,SBKG,21/02/2024 10:00,3.0,100.0,,24.0,23.0,1014.0,8000,,6.0,SCT,70.0,BKN,,,,,,,METAR SBKG 211000Z 10003KT 8000 SCT006 BKN070 24/23 Q1014=,-
146,146,146,146,146,146,146,146,146,146,146,SBKG,21/02/2024 11:00,5.0,80.0,,25.0,22.0,1015.0,9999,,13.0,SCT,,,,,,,,,METAR SBKG 211100Z 08005KT 9999 SCT013 25/22 Q1015=,-
147,147,147,147,147,147,147,147,147,147,147,SBKG,21/02/2024 12:00,7.0,80.0,,26.0,22.0,1015.0,9999,,15.0,SCT,,,,,,,,,METAR SBKG 211200Z 08007KT 9999 SCT015 26/22 Q1015=,-
148,148,148,148,148,148,148,148,148,148,148,SBKG,21/02/2024 13:00,9.0,110.0,,28.0,22.0,1015.0,9999,,18.0,SCT,,,,,,,,,METAR SBKG 211300Z 11009KT 9999 SCT018 28/22 Q1015=,-
149,149,149,149,149,149,149,149,149,149,149,SBKG,21/02/2024 14:00,7.0,60.0,,27.0,21.0,1014.0,9999,,20.0,BKN,,,,,,,,,METAR SBKG 211400Z 06007KT 9999 BKN020 27/21 Q1014=,-
150,150,150,150,150,150,150,150,150,150,150,SBME,21/02/2024 00:00,6.0,50.0,,26.0,24.0,1008.0,9999,,25.0,FEW,80.0,OVC,,,,,,,METAR SBME 210000Z 05006KT 9999 FEW025 OVC080 26/24 Q1008=,-
151,151,151,151,151,151,151,151,151,151,151,SBME,21/02/2024 01:00,2.0,360.0,,25.0,24.0,1008.0,8000,-RA,25.0,FEW,80.0,OVC,,,,,,,METAR SBME 210100Z 36002KT 8000 -RA FEW025 OVC080 25/24 Q1008=,-
152,152,152,152,152,152,152,152,152,152,152,SBME,21/02/2024 02:00,5.0,360.0,,25.0,24.0,1008.0,8000,,25.0,FEW,100.0,OVC,,,,,,,METAR SBME 210200Z 36005KT 8000 FEW025 OVC100 25/24 Q1008=,-
153,153,153,153,153,153,153,153,153,153,153,SBME,21/02/2024 03:00,8.0,40.0,,26.0,25.0,1008.0,8000,-RA,20.0,FEW,100.0,OVC,,,,,,,METAR SBME 210300Z 04008KT 8000 -RA FEW020 OVC100 26/25 Q1008=,-
154,154,154,154,154,154,154,154,154,154,154,SBME,21/02/2024 04:00,9.0,30.0,,26.0,25.0,1007.0,8000,-RA,20.0,FEW,100.0,OVC,,,,,,,METAR SBME 210400Z 03009KT 8000 -RA FEW020 OVC100 26/25 Q1007=,-
155,155,155,155,155,155,155,155,155,155,155,SBME,21/02/2024 05:00,8.0,30.0,,25.0,24.0,1007.0,8000,-RA,10.0,SCT,100.0,OVC,,,,,,,METAR SBME 210500Z 03008KT 8000 -RA SCT010 OVC100 25/24 Q1007=,-
156,156,156,156,156,156,156,156,156,156,156,SBME,21/02/2024 06:00,8.0,30.0,,25.0,24.0,1006.0,8000,-RA,15.0,SCT,100.0,OVC,,,,,,,METAR SBME 210600Z 03008KT 8000 -RA SCT015 OVC100 25/24 Q1006=,-
157,157,157,157,157,157,157,157,157,157,157,SBME,21/02/2024 07:00,10.0,50.0,,25.0,24.0,1006.0,9999,-RA,15.0,SCT,100.0,OVC,,,,,,,METAR SBME 210700Z 05010KT 9999 -RA SCT015 OVC100 25/24 Q1006=,-
158,158,158,158,158,158,158,158,158,158,158,SBME,21/02/2024 08:00,9.0,30.0,,25.0,24.0,1006.0,9999,-RA,15.0,FEW,100.0,OVC,,,,,,,METAR SBME 210800Z 03009KT 9999 -RA FEW015 OVC100 25/24 Q1006=,-
159,159,159,159,159,159,159,159,159,159,159,SBME,21/02/2024 09:00,4.0,350.0,,25.0,24.0,1006.0,9999,,30.0,FEW,100.0,OVC,,,,,,,METAR SBME 210900Z 35004KT 9999 FEW030 OVC100 25/24 Q1006=,-
160,160,160,160,160,160,160,160,160,160,160,SBME,21/02/2024 10:00,3.0,30.0,,25.0,24.0,1007.0,9999,,30.0,SCT,100.0,OVC,,,,,,,METAR SBME 211000Z 03003KT 9999 SCT030 OVC100 25/24 Q1007=,-
161,161,161,161,161,161,161,161,161,161,161,SBME,21/02/2024 11:00,3.0,100.0,,26.0,24.0,1008.0,9999,,30.0,SCT,100.0,OVC,,,,,,,METAR SBME 211100Z 10003KT 9999 SCT030 OVC100 26/24 Q1008=,-
162,162,162,162,162,162,162,162,162,162,162,SBME,21/02/2024 12:00,2.0,20.0,,27.0,25.0,1008.0,9999,,30.0,SCT,100.0,OVC,,,,,,,METAR SBME 211200Z 02002KT 9999 SCT030 OVC100 27/25 Q1008=,-
163,163,163,163,163,163,163,163,163,163,163,SBME,21/02/2024 13:00,8.0,30.0,,29.0,24.0,1008.0,9999,,30.0,SCT,100.0,OVC,,,,,,,METAR SBME 211300Z 03008KT 9999 SCT030 OVC100 29/24 Q1008=,-
164,164,164,164,164,164,164,164,164,164,164,SBME,21/02/2024 14:00,10.0,40.0,,30.0,25.0,1008.0,9999,,30.0,SCT,100.0,OVC,,,,,,,METAR SBME 211400Z 04010KT 9999 SCT030 OVC100 30/25 Q1008=,-
165,165,165,165,165,165,165,165,165,165,165,SBMO,21/02/2024 00:00,4.0,60.0,,27.0,26.0,1012.0,9999,,15.0,FEW,,,,,,,,,METAR SBMO 210000Z 06004KT 9999 FEW015 27/26 Q1012=,-
166,166,166,166,166,166,166,166,166,166,166,SBMO,21/02/2024 01:00,4.0,50.0,,26.0,26.0,1012.0,9999,,15.0,BKN,,,,,,,,,METAR SBMO 210100Z 05004KT 9999 BKN015 26/26 Q1012=,-
167,167,167,167,167,167,167,167,167,167,167,SBMO,21/02/2024 02:00,2.0,40.0,,26.0,26.0,1012.0,9999,,15.0,BKN,,,,,,,,,METAR SBMO 210200Z 04002KT 9999 BKN015 26/26 Q1012=,-
168,168,168,168,168,168,168,168,168,168,168,SBMO,21/02/2024 03:00,5.0,50.0,,26.0,26.0,1012.0,9999,,15.0,SCT,,,,,,,,,METAR SBMO 210300Z 05005KT 9999 SCT015 26/26 Q1012=,-
169,169,169,169,169,169,169,169,169,169,169,SBMO,21/02/2024 04:00,3.0,360.0,,26.0,26.0,1011.0,9999,,15.0,SCT,,,,,,,,,METAR SBMO 210400Z 36003KT 9999 SCT015 26/26 Q1011=,-
170,170,170,170,170,170,170,170,170,170,170,SBMO,21/02/2024 05:00,4.0,20.0,,25.0,25.0,1011.0,9999,,15.0,SCT,,,,,,,,,METAR SBMO 210500Z 02004KT 9999 SCT015 25/25 Q1011=,-
171,171,171,171,171,171,171,171,171,171,171,SBMO,21/02/2024 06:00,3.0,40.0,,25.0,25.0,1010.0,9999,,15.0,SCT,40.0,SCT,,,,,,,METAR SBMO 210600Z 04003KT 9999 SCT015 SCT040 25/25 Q1010=,-
172,172,172,172,172,172,172,172,172,172,172,SBMO,21/02/2024 07:00,3.0,80.0,,25.0,24.0,1011.0,9999,,15.0,FEW,,,,,,,,,METAR SBMO 210700Z 08003KT 9999 FEW015 25/24 Q1011=,-
173,173,173,173,173,173,173,173,173,173,173,SBMO,21/02/2024 08:00,5.0,20.0,,24.0,24.0,1011.0,9999,,15.0,FEW,,,,,,,,,METAR SBMO 210800Z 02005KT 9999 FEW015 24/24 Q1011=,-
174,174,174,174,174,174,174,174,174,174,174,SBMO,21/02/2024 09:00,3.0,360.0,,25.0,25.0,1011.0,9999,,15.0,SCT,,,,,,,,,METAR SBMO 210900Z 36003KT 9999 SCT015 25/25 Q1011=,-
175,175,175,175,175,175,175,175,175,175,175,SBMO,21/02/2024 10:00,4.0,360.0,,25.0,24.0,1012.0,9999,VCSH,15.0,SCT,,,,,,,,,METAR SBMO 211000Z 36004KT 9999 VCSH SCT015 25/24 Q1012=,-
176,176,176,176,176,176,176,176,176,176,176,SBMO,21/02/2024 11:00,5.0,20.0,,27.0,25.0,1013.0,9999,,11.0,SCT,23.0,SCT,7.0,BKN,,,,,METAR SBMO 211100Z 02005KT 9999 SCT011 SCT023 BKN070 27/25 Q1013=,-
177,177,177,177,177,177,177,177,177,177,177,SBMO,21/02/2024 12:00,6.0,60.0,,29.0,25.0,1013.0,9999,,15.0,SCT,20.0,BKN,7.0,BKN,,,,,METAR SBMO 211200Z 06006KT 9999 SCT015 BKN020 BKN070 29/25 Q1013=,-
178,178,178,178,178,178,178,178,178,178,178,SBMO,21/02/2024 13:00,10.0,80.0,21.0,30.0,25.0,1013.0,2000,SHRA,20.0,BKN,70.0,BKN,,,,,,,METAR SBMO 211300Z 08010G21KT 2000 SHRA BKN020 BKN070 30/25 Q1013=,-
179,179,179,179,179,179,179,179,179,179,179,SBMO,21/02/2024 13:00,13.0,30.0,,26.0,24.0,1013.0,6000,-RA,20.0,BKN,70.0,BKN,,,,,,,-,SPECI SBMO 211315Z 03013KT 6000 -RA BKN020 BKN070 26/24 Q1013 RESHRA=
180,180,180,180,180,180,180,180,180,180,180,SBMO,21/02/2024 14:00,7.0,20.0,,29.0,24.0,1012.0,9999,,26.0,BKN,70.0,BKN,,,,,,,METAR SBMO 211400Z 02007KT 9999 BKN026 BKN070 29/24 Q1012=,-
181,181,181,181,181,181,181,181,181,181,181,SBMS,21/02/2024 00:00,2.0,130.0,,27.0,24.0,1011.0,9999,,25.0,SCT,100.0,BKN,,,,,,,METAR SBMS 210000Z 13002KT 9999 SCT025 BKN100 27/24 Q1011=,-
182,182,182,182,182,182,182,182,182,182,182,SBMS,21/02/2024 01:00,3.0,130.0,,26.0,24.0,1012.0,9999,,25.0,SCT,100.0,BKN,,,,,,,METAR SBMS 210100Z 13003KT 9999 SCT025 BKN100 26/24 Q1012=,-
183,183,183,183,183,183,183,183,183,183,183,SBMS,21/02/2024 02:00,2.0,170.0,,26.0,25.0,1012.0,9999,,25.0,SCT,100.0,BKN,,,,,,,METAR SBMS 210200Z 17002KT 9999 SCT025 BKN100 26/25 Q1012=,-
184,184,184,184,184,184,184,184,184,184,184,SBMS,21/02/2024 03:00,5.0,200.0,,26.0,24.0,1011.0,9999,VCSH,25.0,SCT,100.0,BKN,,,,,,,METAR SBMS 210300Z 20005KT 9999 VCSH SCT025 BKN100 26/24 Q1011=,-
185,185,185,185,185,185,185,185,185,185,185,SBMS,21/02/2024 04:00,3.0,150.0,,26.0,24.0,1010.0,9999,,25.0,SCT,100.0,BKN,,,,,,,METAR SBMS 210400Z 15003KT 9999 SCT025 BKN100 26/24 Q1010=,-
186,186,186,186,186,186,186,186,186,186,186,SBMS,21/02/2024 11:00,4.0,100.0,,29.0,24.0,1012.0,9999,,18.0,SCT,90.0,BKN,,,,,,,-,SPECI SBMS 211115Z 10004KT 9999 SCT018 BKN090 29/24 Q1012=
187,187,187,187,187,187,187,187,187,187,187,SBMS,21/02/2024 12:00,8.0,20.0,,29.0,25.0,1013.0,9999,,20.0,BKN,90.0,BKN,,,,,,,METAR SBMS 211200Z 02008KT 9999 BKN020 BKN090 29/25 Q1013=,-
188,188,188,188,188,188,188,188,188,188,188,SBMS,21/02/2024 13:00,12.0,10.0,,27.0,24.0,1013.0,9999,-RA,16.0,BKN,90.0,BKN,,,,,,,METAR SBMS 211300Z 01012KT 9999 -RA BKN016 BKN090 27/24 Q1013=,-
189,189,189,189,189,189,189,189,189,189,189,SBMS,21/02/2024 14:00,9.0,20.0,,28.0,24.0,1012.0,9999,,25.0,SCT,100.0,BKN,,,,,,,METAR SBMS 211400Z 02009KT 9999 SCT025 BKN100 28/24 Q1012=,-
190,190,190,190,190,190,190,190,190,190,190,SBNT,21/02/2024 00:00,3.0,320.0,,25.0,24.0,1012.0,9999,,15.0,FEW,,,,,,,,,METAR SBNT 210000Z 32003KT 290V010 9999 FEW015 25/24 Q1012=,-
191,191,191,191,191,191,191,191,191,191,191,SBNT,21/02/2024 01:00,1.0,,,25.0,24.0,1012.0,9999,-RA,17.0,FEW,60.0,BKN,,,,,,,METAR SBNT 210100Z VRB01KT 9999 -RA FEW017 BKN060 25/24 Q1012=,-
192,192,192,192,192,192,192,192,192,192,192,SBNT,21/02/2024 02:00,2.0,170.0,,25.0,24.0,1012.0,9999,,17.0,FEW,40.0,BKN,,,,,,,METAR SBNT 210200Z 17002KT 9999 FEW017 BKN040 25/24 Q1012=,-
193,193,193,193,193,193,193,193,193,193,193,SBNT,21/02/2024 03:00,1.0,,,25.0,24.0,1011.0,9999,,11.0,FEW,33.0,BKN,,,,,,,METAR SBNT 210300Z VRB01KT 9999 FEW011 BKN033 25/24 Q1011=,-
194,194,194,194,194,194,194,194,194,194,194,SBNT,21/02/2024 04:00,4.0,320.0,,25.0,24.0,1011.0,9999,,5.0,FEW,,,,,,,,,METAR SBNT 210400Z 32004KT 9999 FEW005 25/24 Q1011=,-
195,195,195,195,195,195,195,195,195,195,195,SBNT,21/02/2024 05:00,2.0,310.0,,25.0,24.0,1010.0,9999,,21.0,FEW,40.0,SCT,,,,,,,METAR SBNT 210500Z 31002KT 9999 FEW021 SCT040 25/24 Q1010=,-
196,196,196,196,196,196,196,196,196,196,196,SBNT,21/02/2024 06:00,2.0,330.0,,25.0,24.0,1010.0,9999,,13.0,FEW,80.0,SCT,,,,,,,METAR SBNT 210600Z 33002KT 9999 FEW013 SCT080 25/24 Q1010=,-
197,197,197,197,197,197,197,197,197,197,197,SBNT,21/02/2024 07:00,2.0,300.0,,25.0,24.0,1010.0,9999,,13.0,FEW,,,,,,,,,METAR SBNT 210700Z 30002KT 9999 FEW013 25/24 Q1010=,-
198,198,198,198,198,198,198,198,198,198,198,SBNT,21/02/2024 08:00,2.0,10.0,,25.0,24.0,1010.0,9999,,17.0,FEW,50.0,SCT,,,,,023T,FEW,METAR SBNT 210800Z 01002KT 9999 FEW017 FEW023TCU SCT050 25/24 Q1010=,-
199,199,199,199,199,199,199,199,199,199,199,SBNT,21/02/2024 09:00,3.0,280.0,,25.0,24.0,1011.0,9999,,21.0,FEW,,,,,,,024T,FEW,METAR SBNT 210900Z 28003KT 9999 FEW021 FEW024TCU 25/24 Q1011=,-
200,200,200,200,200,200,200,200,200,200,200,SBNT,21/02/2024 10:00,4.0,210.0,,26.0,25.0,1011.0,9999,,21.0,FEW,,,,,,,,,METAR SBNT 211000Z 21004KT 9999 FEW021 26/25 Q1011=,-
201,201,201,201,201,201,201,201,201,201,201,SBNT,21/02/2024 11:00,2.0,,,27.0,24.0,1012.0,9999,,20.0,FEW,,,,,,,,,METAR SBNT 211100Z VRB02KT 9999 FEW020 27/24 Q1012=,-
202,202,202,202,202,202,202,202,202,202,202,SBNT,21/02/2024 12:00,5.0,120.0,,29.0,25.0,1012.0,9999,,20.0,FEW,,,,,,,,,METAR SBNT 211200Z 12005KT 070V170 9999 FEW020 29/25 Q1012=,-
203,203,203,203,203,203,203,203,203,203,203,SBNT,21/02/2024 13:00,8.0,100.0,,30.0,24.0,1012.0,9999,,23.0,SCT,,,,,,,,,METAR SBNT 211300Z 10008KT 080V140 9999 SCT023 30/24 Q1012=,-
204,204,204,204,204,204,204,204,204,204,204,SBNT,21/02/2024 14:00,6.0,70.0,,30.0,24.0,1012.0,9999,,23.0,SCT,,,,,,,,,METAR SBNT 211400Z 07006KT 010V120 9999 SCT023 30/24 Q1012=,-
205,205,205,205,205,205,205,205,205,205,205,SBPB,21/02/2024 10:00,0.0,0.0,,25.0,24.0,1011.0,9999,,11.0,SCT,15.0,BKN,,,,,,,-,SPECI SBPB 211015Z 00000KT 9999 SCT011 BKN015 25/24 Q1011=
206,206,206,206,206,206,206,206,206,206,206,SBPB,21/02/2024 11:00,3.0,160.0,,25.0,24.0,1012.0,9999,,10.0,FEW,15.0,SCT,9.0,BKN,,,,,METAR SBPB 211100Z 16003KT 9999 FEW010 SCT015 BKN090 25/24 Q1012=,-
207,207,207,207,207,207,207,207,207,207,207,SBPB,21/02/2024 12:00,0.0,0.0,,26.0,25.0,1012.0,9999,,15.0,BKN,90.0,BKN,,,,,,,METAR SBPB 211200Z 00000KT 9999 BKN015 BKN090 26/25 Q1012=,-
208,208,208,208,208,208,208,208,208,208,208,SBPB,21/02/2024 13:00,3.0,60.0,,29.0,25.0,1013.0,9999,,15.0,BKN,100.0,BKN,,,,,,,METAR SBPB 211300Z 06003KT 9999 BKN015 BKN100 29/25 Q1013=,-
209,209,209,209,209,209,209,209,209,209,209,SBPB,21/02/2024 14:00,8.0,60.0,,28.0,24.0,1012.0,9999,,13.0,SCT,16.0,BKN,,,,,,,METAR SBPB 211400Z 06008KT 9999 SCT013 BKN016 28/24 Q1012=,-
210,210,210,210,210,210,210,210,210,210,210,SBPJ,21/02/2024 00:00,2.0,,,26.0,25.0,1011.0,8000,-RA,15.0,FEW,25.0,BKN,8.0,BKN,,,035T,FEW,METAR SBPJ 210000Z VRB02KT 8000 -RA FEW015 BKN025 FEW035TCU BKN080 26/25 Q1011=,-
211,211,211,211,211,211,211,211,211,211,211,SBPJ,21/02/2024 01:00,3.0,100.0,,25.0,25.0,1012.0,9999,-RA,15.0,FEW,25.0,BKN,8.0,BKN,,,035T,FEW,METAR SBPJ 210100Z 10003KT 070V130 9999 -RA FEW015 BKN025 FEW035TCU BKN080 25/25 Q1012=,-
212,212,212,212,212,212,212,212,212,212,212,SBPJ,21/02/2024 02:00,1.0,,,24.0,24.0,1012.0,8000,-TSRA,12.0,FEW,25.0,BKN,8.0,BKN,,,035,FEW,METAR SBPJ 210200Z VRB01KT 8000 -TSRA FEW012 BKN025 FEW035CB BKN080 24/24 Q1012=,-
213,213,213,213,213,213,213,213,213,213,213,SBPJ,21/02/2024 02:00,12.0,280.0,,24.0,24.0,1013.0,2200,+TSRA,12.0,FEW,25.0,BKN,8.0,BKN,,,035,FEW,-,SPECI SBPJ 210220Z 28012KT 2200 +TSRA FEW012 BKN025 FEW035CB BKN080 24/24 Q1013=
214,214,214,214,214,214,214,214,214,214,214,SBPJ,21/02/2024 03:00,4.0,330.0,,23.0,23.0,1012.0,5000,-TSRA,12.0,FEW,25.0,SCT,8.0,BKN,,,035,FEW,METAR SBPJ 210300Z 33004KT 300V010 5000 -TSRA FEW012 SCT025 FEW035CB BKN080 23/23 Q1012 RERA=,-
215,215,215,215,215,215,215,215,215,215,215,SBPJ,21/02/2024 04:00,3.0,60.0,,23.0,23.0,1011.0,2000,RA,6.0,FEW,25.0,SCT,8.0,OVC,,,,,METAR SBPJ 210400Z 06003KT 2000 RA FEW006 SCT025 OVC080 23/23 Q1011 RETS=,-
216,216,216,216,216,216,216,216,216,216,216,SBPJ,21/02/2024 04:00,3.0,40.0,,23.0,23.0,1011.0,3000,RA,12.0,SCT,80.0,OVC,,,,,,,-,SPECI SBPJ 210421Z 04003KT 3000 RA SCT012 OVC080 23/23 Q1011 RETS=
217,217,217,217,217,217,217,217,217,217,217,SBPJ,21/02/2024 05:00,3.0,300.0,,23.0,23.0,1011.0,1600,+RA,5.0,SCT,11.0,BKN,7.0,OVC,,,,,METAR SBPJ 210500Z 30003KT 1600 +RA SCT005 BKN011 OVC070 23/23 Q1011 RERA=,-
218,218,218,218,218,218,218,218,218,218,218,SBPJ,21/02/2024 05:00,3.0,50.0,,23.0,23.0,1010.0,1000,+RA,5.0,SCT,11.0,BKN,7.0,OVC,,,,,-,SPECI SBPJ 210536Z 05003KT 1000 +RA SCT005 BKN011 OVC070 23/23 Q1010=
219,219,219,219,219,219,219,219,219,219,219,SBPJ,21/02/2024 06:00,4.0,280.0,,23.0,23.0,1011.0,1000,+RA,4.0,SCT,11.0,BKN,7.0,OVC,,,,,METAR SBPJ 210600Z 28004KT 1000 +RA SCT004 BKN011 OVC070 23/23 Q1011=,-
220,220,220,220,220,220,220,220,220,220,220,SBPJ,21/02/2024 06:00,2.0,260.0,,23.0,23.0,1011.0,3000,RA,4.0,FEW,11.0,SCT,7.0,OVC,,,,,-,SPECI SBPJ 210617Z 26002KT 3000 RA FEW004 SCT011 OVC070 23/23 Q1011 RERA=
221,221,221,221,221,221,221,221,221,221,221,SBPJ,21/02/2024 07:00,4.0,50.0,,23.0,23.0,1010.0,8000,-RA,9.0,SCT,15.0,BKN,7.0,OVC,,,,,METAR SBPJ 210700Z 05004KT 8000 -RA SCT009 BKN015 OVC070 23/23 Q1010 RERA=,-
222,222,222,222,222,222,222,222,222,222,222,SBPJ,21/02/2024 07:00,4.0,350.0,,23.0,23.0,1010.0,3000,RA,9.0,SCT,15.0,BKN,7.0,OVC,,,,,-,SPECI SBPJ 210713Z 35004KT 3000 RA SCT009 BKN015 OVC070 23/23 Q1010=
223,223,223,223,223,223,223,223,223,223,223,SBPJ,21/02/2024 08:00,6.0,330.0,,24.0,24.0,1011.0,3000,RA,9.0,SCT,15.0,BKN,7.0,OVC,,,,,METAR SBPJ 210800Z 33006KT 3000 RA SCT009 BKN015 OVC070 24/24 Q1011=,-
224,224,224,224,224,224,224,224,224,224,224,SBPJ,21/02/2024 08:00,9.0,330.0,,24.0,23.0,1011.0,2000,+RA,9.0,SCT,15.0,BKN,7.0,OVC,,,,,-,SPECI SBPJ 210808Z 33009KT 2000 +RA SCT009 BKN015 OVC070 24/23 Q1011 RERA=
225,225,225,225,225,225,225,225,225,225,225,SBPJ,21/02/2024 09:00,5.0,10.0,,23.0,23.0,1011.0,5000,-RA,9.0,SCT,15.0,BKN,7.0,OVC,,,,,METAR SBPJ 210900Z 01005KT 5000 -RA SCT009 BKN015 OVC070 23/23 Q1011 RERA=,-
226,226,226,226,226,226,226,226,226,226,226,SBPJ,21/02/2024 10:00,5.0,10.0,,23.0,23.0,1012.0,5000,-RA,9.0,SCT,15.0,BKN,4.0,BKN,,,,,METAR SBPJ 211000Z 01005KT 5000 -RA SCT009 BKN015 BKN040 23/23 Q1012=,-
227,227,227,227,227,227,227,227,227,227,227,SBPJ,21/02/2024 11:00,0.0,0.0,,24.0,24.0,1013.0,9999,-RA,9.0,SCT,15.0,BKN,4.0,BKN,,,,,METAR SBPJ 211100Z 00000KT 9999 -RA SCT009 BKN015 BKN040 24/24 Q1013=,-
228,228,228,228,228,228,228,228,228,228,228,SBPJ,21/02/2024 12:00,6.0,10.0,,24.0,24.0,1013.0,5000,-RA,9.0,SCT,15.0,BKN,4.0,BKN,,,,,METAR SBPJ 211200Z 01006KT 5000 -RA SCT009 BKN015 BKN040 24/24 Q1013=,-
229,229,229,229,229,229,229,229,229,229,229,SBPJ,21/02/2024 13:00,5.0,10.0,,25.0,23.0,1014.0,6000,-RA,9.0,SCT,15.0,BKN,4.0,BKN,,,,,METAR SBPJ 211300Z 01005KT 6000 -RA SCT009 BKN015 BKN040 25/23 Q1014=,-
230,230,230,230,230,230,230,230,230,230,230,SBPJ,21/02/2024 14:00,8.0,350.0,,27.0,23.0,1013.0,6000,-RA,9.0,SCT,16.0,BKN,4.0,BKN,,,,,METAR SBPJ 211400Z 35008KT 6000 -RA SCT009 BKN016 BKN040 27/23 Q1013=,-
231,231,231,231,231,231,231,231,231,231,231,SBPL,21/02/2024 00:00,3.0,330.0,,25.0,23.0,1013.0,9999,,20.0,SCT,70.0,OVC,,,,,,,METAR SBPL 210000Z 33003KT 9999 SCT020 OVC070 25/23 Q1013=,-
232,232,232,232,232,232,232,232,232,232,232,SBPL,21/02/2024 01:00,1.0,80.0,,25.0,24.0,1013.0,9999,,22.0,FEW,80.0,BKN,,,,,,,METAR SBPL 210100Z 08001KT 9999 FEW022 BKN080 25/24 Q1013=,-
233,233,233,233,233,233,233,233,233,233,233,SBPL,21/02/2024 02:00,5.0,180.0,,25.0,24.0,1013.0,9999,,22.0,FEW,80.0,BKN,,,,,,,METAR SBPL 210200Z 18005KT 9999 FEW022 BKN080 25/24 Q1013=,-
234,234,234,234,234,234,234,234,234,234,234,SBPL,21/02/2024 03:00,7.0,140.0,,25.0,23.0,1013.0,9999,,22.0,FEW,80.0,SCT,,,,,,,METAR SBPL 210300Z 14007KT 9999 FEW022 SCT080 25/23 Q1013=,-
235,235,235,235,235,235,235,235,235,235,235,SBPL,21/02/2024 04:00,2.0,100.0,,24.0,23.0,1012.0,9999,,22.0,BKN,80.0,SCT,,,,,,,METAR SBPL 210400Z 10002KT 9999 BKN022 SCT080 24/23 Q1012=,-
236,236,236,236,236,236,236,236,236,236,236,SBPL,21/02/2024 05:00,4.0,160.0,,24.0,23.0,1012.0,9999,,22.0,FEW,80.0,SCT,,,,,,,METAR SBPL 210500Z 16004KT 9999 FEW022 SCT080 24/23 Q1012=,-
237,237,237,237,237,237,237,237,237,237,237,SBPL,21/02/2024 06:00,3.0,120.0,,24.0,23.0,1011.0,9999,,20.0,BKN,80.0,BKN,,,,,027T,FEW,METAR SBPL 210600Z 12003KT 9999 BKN020 FEW027TCU BKN080 24/23 Q1011=,-
238,238,238,238,238,238,238,238,238,238,238,SBPL,21/02/2024 07:00,4.0,120.0,,24.0,23.0,1012.0,9999,,20.0,BKN,80.0,BKN,,,,,027T,FEW,METAR SBPL 210700Z 12004KT 9999 BKN020 FEW027TCU BKN080 24/23 Q1012=,-
239,239,239,239,239,239,239,239,239,239,239,SBPL,21/02/2024 08:00,2.0,110.0,,24.0,23.0,1012.0,9999,,20.0,BKN,80.0,BKN,,,,,,,METAR SBPL 210800Z 11002KT 9999 BKN020 BKN080 24/23 Q1012=,-
240,240,240,240,240,240,240,240,240,240,240,SBPL,21/02/2024 09:00,2.0,70.0,,24.0,23.0,1013.0,9999,,15.0,FEW,22.0,SCT,8.0,BKN,,,,,METAR SBPL 210900Z 07002KT 9999 FEW015 SCT022 BKN080 24/23 Q1013=,-
241,241,241,241,241,241,241,241,241,241,241,SBPL,21/02/2024 10:00,3.0,110.0,,24.0,23.0,1014.0,9999,-RA,15.0,BKN,,,,,,,,,METAR SBPL 211000Z 11003KT 9999 -RA BKN015 24/23 Q1014=,-
242,242,242,242,242,242,242,242,242,242,242,SBPL,21/02/2024 11:00,4.0,110.0,,24.0,23.0,1014.0,9999,,18.0,BKN,,,,,,,,,METAR SBPL 211100Z 11004KT 9999 BKN018 24/23 Q1014=,-
243,243,243,243,243,243,243,243,243,243,243,SBPL,21/02/2024 12:00,4.0,20.0,,26.0,23.0,1014.0,9999,,20.0,SCT,70.0,BKN,,,,,,,METAR SBPL 211200Z 02004KT 9999 SCT020 BKN070 26/23 Q1014=,-
244,244,244,244,244,244,244,244,244,244,244,SBPL,21/02/2024 13:00,3.0,320.0,,27.0,24.0,1014.0,9999,,20.0,BKN,70.0,BKN,,,,,,,METAR SBPL 211300Z 32003KT 9999 BKN020 BKN070 27/24 Q1014=,-
245,245,245,245,245,245,245,245,245,245,245,SBPL,21/02/2024 14:00,3.0,50.0,,27.0,23.0,1014.0,9999,,20.0,BKN,70.0,BKN,,,,,,,METAR SBPL 211400Z 05003KT 9999 BKN020 BKN070 27/23 Q1014=,-
246,246,246,246,246,246,246,246,246,246,246,SBPS,21/02/2024 00:00,1.0,,,26.0,24.0,1012.0,8000,-RA,15.0,FEW,50.0,BKN,10.0,BKN,,,,,METAR SBPS 210000Z VRB01KT 8000 -RA FEW015 BKN050 BKN100 26/24 Q1012=,-
247,247,247,247,247,247,247,247,247,247,247,SBPS,21/02/2024 01:00,2.0,300.0,,25.0,24.0,1012.0,8000,,35.0,SCT,100.0,BKN,,,,,,,METAR SBPS 210100Z 30002KT 8000 SCT035 BKN100 25/24 Q1012=,-
248,248,248,248,248,248,248,248,248,248,248,SBPS,21/02/2024 02:00,12.0,30.0,23.0,25.0,24.0,1012.0,5000,-RA,8.0,SCT,17.0,BKN,10.0,BKN,,,,,METAR SBPS 210200Z 03012G23KT 350V050 5000 -RA BR SCT008 BKN017 BKN100 25/24 Q1012=,-
249,249,249,249,249,249,249,249,249,249,249,SBPS,21/02/2024 03:00,7.0,10.0,,24.0,23.0,1012.0,6000,-RA,18.0,SCT,80.0,BKN,,,,,,,METAR SBPS 210300Z 01007KT 6000 -RA SCT018 BKN080 24/23 Q1012=,-
250,250,250,250,250,250,250,250,250,250,250,SBPS,21/02/2024 04:00,5.0,350.0,,24.0,23.0,1011.0,8000,,18.0,FEW,80.0,SCT,,,,,,,METAR SBPS 210400Z 35005KT 8000 FEW018 SCT080 24/23 Q1011=,-
251,251,251,251,251,251,251,251,251,251,251,SBPS,21/02/2024 05:00,5.0,260.0,,24.0,23.0,1010.0,8000,,20.0,FEW,60.0,SCT,,,,,,,METAR SBPS 210500Z 26005KT 8000 FEW020 SCT060 24/23 Q1010=,-
252,252,252,252,252,252,252,252,252,252,252,SBPS,21/02/2024 06:00,4.0,360.0,,24.0,23.0,1010.0,8000,,17.0,FEW,90.0,SCT,,,,,,,METAR SBPS 210600Z 36004KT 8000 FEW017 SCT090 24/23 Q1010=,-
253,253,253,253,253,253,253,253,253,253,253,SBPS,21/02/2024 07:00,3.0,10.0,,24.0,23.0,1010.0,8000,,15.0,FEW,20.0,SCT,,,,,,,METAR SBPS 210700Z 01003KT 8000 FEW015 SCT020 24/23 Q1010=,-
254,254,254,254,254,254,254,254,254,254,254,SBPS,21/02/2024 08:00,4.0,360.0,,24.0,23.0,1010.0,8000,,15.0,FEW,20.0,SCT,,,,,,,METAR SBPS 210800Z 36004KT 8000 FEW015 SCT020 24/23 Q1010=,-
255,255,255,255,255,255,255,255,255,255,255,SBPS,21/02/2024 09:00,3.0,320.0,,24.0,23.0,1011.0,7000,,7.0,FEW,25.0,SCT,,,,,,,METAR SBPS 210900Z 32003KT 290V350 7000 FEW007 SCT025 24/23 Q1011=,-
256,256,256,256,256,256,256,256,256,256,256,SBPS,21/02/2024 10:00,3.0,10.0,,25.0,24.0,1012.0,8000,VCSH,12.0,FEW,20.0,SCT,10.0,BKN,,,,,METAR SBPS 211000Z 01003KT 8000 VCSH FEW012 SCT020 BKN100 25/24 Q1012=,-
257,257,257,257,257,257,257,257,257,257,257,SBPS,21/02/2024 11:00,4.0,350.0,,26.0,24.0,1012.0,9000,VCSH,7.0,FEW,20.0,SCT,10.0,BKN,,,,,METAR SBPS 211100Z 35004KT 320V020 9000 VCSH FEW007 SCT020 BKN100 26/24 Q1012=,-
258,258,258,258,258,258,258,258,258,258,258,SBPS,21/02/2024 12:00,8.0,360.0,,28.0,25.0,1012.0,9000,VCSH,15.0,FEW,20.0,SCT,10.0,BKN,,,025T,FEW,METAR SBPS 211200Z 36008KT 330V040 9000 VCSH FEW015 SCT020 FEW025TCU BKN100 28/25 Q1012=,-
259,259,259,259,259,259,259,259,259,259,259,SBPS,21/02/2024 13:00,8.0,10.0,,29.0,25.0,1012.0,9000,VCSH,20.0,SCT,100.0,BKN,,,,,025T,FEW,METAR SBPS 211300Z 01008KT 340V060 9000 VCSH SCT020 FEW025TCU BKN100 29/25 Q1012=,-
260,260,260,260,260,260,260,260,260,260,260,SBPS,21/02/2024 13:00,6.0,70.0,,27.0,25.0,1012.0,3000,RA,10.0,FEW,15.0,BKN,7.0,OVC,,,025T,FEW,-,SPECI SBPS 211349Z 07006KT 020V130 3000 RA FEW010 BKN015 FEW025TCU OVC070 27/25 Q1012=
261,261,261,261,261,261,261,261,261,261,261,SBPS,21/02/2024 14:00,7.0,70.0,,27.0,26.0,1012.0,7000,-RA,10.0,FEW,16.0,BKN,7.0,BKN,,,025T,FEW,METAR SBPS 211400Z 07007KT 7000 -RA FEW010 BKN016 FEW025TCU BKN070 27/26 Q1012 RERA=,-
262,262,262,262,262,262,262,262,262,262,262,SBRF,21/02/2024 00:00,7.0,110.0,,29.0,25.0,1012.0,9999,,23.0,BKN,,,,,,,,,METAR SBRF 210000Z 11007KT 080V140 9999 BKN023 29/25 Q1012=,-
263,263,263,263,263,263,263,263,263,263,263,SBRF,21/02/2024 01:00,7.0,100.0,,29.0,25.0,1012.0,9000,VCSH,21.0,SCT,,,,,,,025T,FEW,METAR SBRF 210100Z 10007KT 9000 VCSH SCT021 FEW025TCU 29/25 Q1012=,-
264,264,264,264,264,264,264,264,264,264,264,SBRF,21/02/2024 02:00,7.0,90.0,,29.0,26.0,1011.0,9000,-RA,20.0,SCT,,,,,,,025T,FEW,METAR SBRF 210200Z 09007KT 9000 -RA VCSH SCT020 FEW025TCU 29/26 Q1011=,-
265,265,265,265,265,265,265,265,265,265,265,SBRF,21/02/2024 03:00,7.0,90.0,,29.0,24.0,1011.0,9999,,20.0,SCT,,,,,,,,,METAR SBRF 210300Z 09007KT 9999 SCT020 29/24 Q1011=,-
266,266,266,266,266,266,266,266,266,266,266,SBRF,21/02/2024 04:00,6.0,90.0,,29.0,25.0,1010.0,9999,,20.0,SCT,,,,,,,,,METAR SBRF 210400Z 09006KT 9999 SCT020 29/25 Q1010=,-
267,267,267,267,267,267,267,267,267,267,267,SBRF,21/02/2024 05:00,5.0,110.0,,28.0,25.0,1010.0,9999,,18.0,SCT,,,,,,,,,METAR SBRF 210500Z 11005KT 9999 SCT018 28/25 Q1010=,-
268,268,268,268,268,268,268,268,268,268,268,SBRF,21/02/2024 06:00,7.0,80.0,,29.0,25.0,1010.0,9000,VCSH,18.0,SCT,,,,,,,025T,FEW,METAR SBRF 210600Z 08007KT 9000 VCSH SCT018 FEW025TCU 29/25 Q1010=,-
269,269,269,269,269,269,269,269,269,269,269,SBRF,21/02/2024 06:00,4.0,340.0,,27.0,24.0,1010.0,3000,RA,18.0,SCT,,,,,,,025T,FEW,-,SPECI SBRF 210618Z 34004KT 3000 RA SCT018 FEW025TCU 27/24 Q1010=
270,270,270,270,270,270,270,270,270,270,270,SBRF,21/02/2024 06:00,4.0,280.0,,26.0,24.0,1010.0,9000,VCSH,18.0,SCT,,,,,,,025T,FEW,-,SPECI SBRF 210632Z 28004KT 9000 VCSH SCT018 FEW025TCU 26/24 Q1010 RERA=
271,271,271,271,271,271,271,271,271,271,271,SBRF,21/02/2024 07:00,4.0,230.0,,27.0,25.0,1010.0,9999,,18.0,SCT,,,,,,,025T,FEW,METAR SBRF 210700Z 23004KT 9999 SCT018 FEW025TCU 27/25 Q1010 RERA=,-
272,272,272,272,272,272,272,272,272,272,272,SBRF,21/02/2024 08:00,4.0,60.0,,26.0,24.0,1010.0,9999,,18.0,SCT,,,,,,,025T,FEW,METAR SBRF 210800Z 06004KT 9999 SCT018 FEW025TCU 26/24 Q1010=,-
273,273,273,273,273,273,273,273,273,273,273,SBRF,21/02/2024 09:00,3.0,210.0,,26.0,25.0,1011.0,9000,VCSH,20.0,BKN,,,,,,,025T,FEW,METAR SBRF 210900Z 21003KT 9000 VCSH BKN020 FEW025TCU 26/25 Q1011=,-
274,274,274,274,274,274,274,274,274,274,274,SBRF,21/02/2024 10:00,5.0,340.0,,26.0,25.0,1011.0,9000,VCSH,20.0,BKN,100.0,SCT,,,,,025T,FEW,METAR SBRF 211000Z 34005KT 9000 VCSH BKN020 FEW025TCU SCT100 26/25 Q1011=,-
275,275,275,275,275,275,275,275,275,275,275,SBRF,21/02/2024 11:00,4.0,320.0,,27.0,25.0,1012.0,9999,VCSH,20.0,BKN,100.0,SCT,,,,,025T,FEW,METAR SBRF 211100Z 32004KT 9999 VCSH BKN020 FEW025TCU SCT100 27/25 Q1012=,-
276,276,276,276,276,276,276,276,276,276,276,SBRF,21/02/2024 12:00,2.0,360.0,,30.0,25.0,1012.0,9999,,23.0,BKN,,,,,,,025T,FEW,METAR SBRF 211200Z 36002KT 9999 BKN023 FEW025TCU 30/25 Q1012=,-
277,277,277,277,277,277,277,277,277,277,277,SBRF,21/02/2024 13:00,11.0,360.0,,29.0,24.0,1012.0,9999,VCSH,23.0,BKN,,,,,,,025T,FEW,METAR SBRF 211300Z 36011KT 9999 VCSH BKN023 FEW025TCU 29/24 Q1012=,-
278,278,278,278,278,278,278,278,278,278,278,SBRF,21/02/2024 14:00,3.0,60.0,,27.0,26.0,1012.0,9000,VCSH,13.0,FEW,23.0,BKN,,,,,025T,FEW,METAR SBRF 211400Z 06003KT 9000 VCSH FEW013 BKN023 FEW025TCU 27/26 Q1012=,-
279,279,279,279,279,279,279,279,279,279,279,SBRJ,21/02/2024 00:00,5.0,160.0,,26.0,23.0,1007.0,9999,,30.0,SCT,100.0,SCT,,,,,,,METAR SBRJ 210000Z 16005KT 9999 SCT030 SCT100 26/23 Q1007=,-
280,280,280,280,280,280,280,280,280,280,280,SBRJ,21/02/2024 01:00,5.0,180.0,,25.0,24.0,1007.0,9999,,30.0,SCT,100.0,SCT,,,,,,,METAR SBRJ 210100Z 18005KT 9999 SCT030 SCT100 25/24 Q1007=,-
281,281,281,281,281,281,281,281,281,281,281,SBRJ,21/02/2024 02:00,1.0,,,26.0,23.0,1007.0,9999,,30.0,FEW,100.0,BKN,,,,,,,METAR SBRJ 210200Z VRB01KT 9999 FEW030 BKN100 26/23 Q1007=,-
282,282,282,282,282,282,282,282,282,282,282,SBRJ,21/02/2024 03:00,1.0,,,25.0,24.0,1007.0,9999,,30.0,FEW,100.0,BKN,,,,,,,METAR SBRJ 210300Z VRB01KT 9999 FEW030 BKN100 25/24 Q1007=,-
283,283,283,283,283,283,283,283,283,283,283,SBRJ,21/02/2024 04:00,2.0,90.0,,25.0,24.0,1006.0,9999,,30.0,FEW,100.0,BKN,,,,,,,METAR SBRJ 210400Z 09002KT 9999 FEW030 BKN100 25/24 Q1006=,-
284,284,284,284,284,284,284,284,284,284,284,SBRJ,21/02/2024 05:00,2.0,140.0,,25.0,24.0,1006.0,9999,,30.0,FEW,90.0,BKN,,,,,,,METAR SBRJ 210500Z 14002KT 9999 FEW030 BKN090 25/24 Q1006=,-
285,285,285,285,285,285,285,285,285,285,285,SBRJ,21/02/2024 06:00,2.0,,,25.0,23.0,1005.0,9999,,25.0,FEW,90.0,BKN,,,,,,,METAR SBRJ 210600Z VRB02KT 9999 FEW025 BKN090 25/23 Q1005=,-
286,286,286,286,286,286,286,286,286,286,286,SBRJ,21/02/2024 07:00,4.0,50.0,,25.0,24.0,1006.0,9999,,15.0,SCT,80.0,BKN,,,,,,,METAR SBRJ 210700Z 05004KT 9999 SCT015 BKN080 25/24 Q1006=,-
287,287,287,287,287,287,287,287,287,287,287,SBRJ,21/02/2024 08:00,4.0,320.0,,25.0,24.0,1006.0,9000,,12.0,SCT,90.0,BKN,,,,,,,METAR SBRJ 210800Z 32004KT 9000 SCT012 BKN090 25/24 Q1006=,-
288,288,288,288,288,288,288,288,288,288,288,SBRJ,21/02/2024 09:00,6.0,340.0,,25.0,24.0,1006.0,6000,,12.0,SCT,100.0,BKN,,,,,,,METAR SBRJ 210900Z 34006KT 6000 SCT012 BKN100 25/24 Q1006=,-
289,289,289,289,289,289,289,289,289,289,289,SBRJ,21/02/2024 10:00,6.0,330.0,,26.0,24.0,1006.0,7000,,13.0,FEW,100.0,BKN,,,,,,,METAR SBRJ 211000Z 33006KT 300V010 7000 FEW013 BKN100 26/24 Q1006=,-
290,290,290,290,290,290,290,290,290,290,290,SBRJ,21/02/2024 11:00,3.0,350.0,,26.0,25.0,1006.0,7000,,15.0,FEW,100.0,BKN,,,,,,,METAR SBRJ 211100Z 35003KT 7000 FEW015 BKN100 26/25 Q1006=,-
291,291,291,291,291,291,291,291,291,291,291,SBRJ,21/02/2024 12:00,4.0,130.0,,27.0,25.0,1007.0,7000,,15.0,FEW,100.0,SCT,,,,,,,METAR SBRJ 211200Z 13004KT 100V160 7000 FEW015 SCT100 27/25 Q1007=,-
292,292,292,292,292,292,292,292,292,292,292,SBRJ,21/02/2024 13:00,9.0,170.0,,27.0,25.0,1007.0,7000,,10.0,FEW,100.0,SCT,,,,,,,METAR SBRJ 211300Z 17009KT 7000 FEW010 SCT100 27/25 Q1007=,-
293,293,293,293,293,293,293,293,293,293,293,SBRJ,21/02/2024 14:00,10.0,160.0,,28.0,26.0,1008.0,7000,,10.0,FEW,25.0,SCT,,,,,,,METAR SBRJ 211400Z 16010KT 7000 FEW010 SCT025 28/26 Q1008=,-
294,294,294,294,294,294,294,294,294,294,294,SBSG,21/02/2024 00:00,2.0,,,24.0,23.0,1012.0,9999,,30.0,SCT,,,,,,,,,METAR SBSG 210000Z VRB02KT 9999 SCT030 24/23 Q1012=,-
295,295,295,295,295,295,295,295,295,295,295,SBSG,21/02/2024 01:00,3.0,190.0,,24.0,23.0,1013.0,9999,VCSH,30.0,SCT,50.0,SCT,,,,,035T,FEW,METAR SBSG 210100Z 19003KT 9999 VCSH SCT030 FEW035TCU SCT050 24/23 Q1013=,-
296,296,296,296,296,296,296,296,296,296,296,SBSG,21/02/2024 02:00,2.0,,,25.0,23.0,1013.0,9999,-RA,20.0,SCT,80.0,BKN,,,,,035T,FEW,METAR SBSG 210200Z VRB02KT 9999 -RA SCT020 FEW035TCU BKN080 25/23 Q1013=,-
297,297,297,297,297,297,297,297,297,297,297,SBSG,21/02/2024 03:00,3.0,290.0,,25.0,23.0,1012.0,9999,-RA,25.0,SCT,50.0,BKN,,,,,030T,FEW,METAR SBSG 210300Z 29003KT 260V330 9999 -RA SCT025 FEW030TCU BKN050 25/23 Q1012=,-
298,298,298,298,298,298,298,298,298,298,298,SBSG,21/02/2024 04:00,2.0,,,25.0,23.0,1011.0,7000,RA,2.0,FEW,25.0,BKN,,,,,030T,FEW,METAR SBSG 210400Z VRB02KT 7000 RA FEW002 BKN025 FEW030TCU 25/23 Q1011=,-
299,299,299,299,299,299,299,299,299,299,299,SBSG,21/02/2024 05:00,1.0,,,24.0,23.0,1011.0,9999,VCSH,30.0,SCT,80.0,BKN,,,,,,,METAR SBSG 210500Z VRB01KT 9999 VCSH SCT030 BKN080 24/23 Q1011 RERA=,-
300,300,300,300,300,300,300,300,300,300,300,SBSG,21/02/2024 06:00,2.0,,,24.0,23.0,1010.0,9999,VCSH,20.0,SCT,70.0,BKN,,,,,,,METAR SBSG 210600Z VRB02KT 9999 VCSH SCT020 BKN070 24/23 Q1010=,-
301,301,301,301,301,301,301,301,301,301,301,SBSG,21/02/2024 07:00,2.0,,,24.0,23.0,1010.0,9999,VCSH,20.0,SCT,70.0,SCT,,,,,,,METAR SBSG 210700Z VRB02KT 9999 VCSH SCT020 SCT070 24/23 Q1010=,-
302,302,302,302,302,302,302,302,302,302,302,SBSG,21/02/2024 08:00,1.0,,,24.0,23.0,1011.0,9999,VCSH,20.0,BKN,,,,,,,,,METAR SBSG 210800Z VRB01KT 9999 VCSH BKN020 24/23 Q1011=,-
303,303,303,303,303,303,303,303,303,303,303,SBSG,21/02/2024 09:00,3.0,210.0,,24.0,23.0,1011.0,9999,,20.0,SCT,,,,,,,,,METAR SBSG 210900Z 21003KT 9999 SCT020 24/23 Q1011=,-
304,304,304,304,304,304,304,304,304,304,304,SBSG,21/02/2024 10:00,3.0,200.0,,25.0,24.0,1011.0,9999,,3.0,FEW,20.0,SCT,,,,,,,METAR SBSG 211000Z 20003KT 9999 FEW003 SCT020 25/24 Q1011=,-
305,305,305,305,305,305,305,305,305,305,305,SBSG,21/02/2024 11:00,2.0,,,27.0,25.0,1012.0,9999,,20.0,FEW,,,,,,,,,METAR SBSG 211100Z VRB02KT 9999 FEW020 27/25 Q1012=,-
306,306,306,306,306,306,306,306,306,306,306,SBSG,21/02/2024 12:00,4.0,110.0,,28.0,24.0,1012.0,9999,,20.0,FEW,,,,,,,,,METAR SBSG 211200Z 11004KT 060V170 9999 FEW020 28/24 Q1012=,-
307,307,307,307,307,307,307,307,307,307,307,SBSG,21/02/2024 13:00,6.0,100.0,,29.0,23.0,1012.0,9999,,22.0,FEW,,,,,,,,,METAR SBSG 211300Z 10006KT 050V130 9999 FEW022 29/23 Q1012=,-
308,308,308,308,308,308,308,308,308,308,308,SBSG,21/02/2024 14:00,7.0,40.0,,30.0,23.0,1012.0,9999,,23.0,BKN,,,,,,,,,METAR SBSG 211400Z 04007KT 010V080 9999 BKN023 30/23 Q1012=,-
309,309,309,309,309,309,309,309,309,309,309,SBSL,21/02/2024 00:00,3.0,290.0,,25.0,25.0,1012.0,8000,-RA,7.0,SCT,15.0,BKN,8.0,BKN,,,020T,FEW,METAR SBSL 210000Z 29003KT 8000 -RA SCT007 BKN015 FEW020TCU BKN080 25/25 Q1012=,-
310,310,310,310,310,310,310,310,310,310,310,SBSL,21/02/2024 01:00,4.0,330.0,,25.0,25.0,1012.0,9999,,15.0,SCT,80.0,BKN,,,,,020T,FEW,METAR SBSL 210100Z 33004KT 9999 SCT015 FEW020TCU BKN080 25/25 Q1012=,-
311,311,311,311,311,311,311,311,311,311,311,SBSL,21/02/2024 01:00,1.0,10.0,,25.0,25.0,1012.0,3000,RA,15.0,BKN,80.0,BKN,,,,,020T,FEW,-,SPECI SBSL 210135Z 01001KT 3000 RA BR BKN015 FEW020TCU BKN080 25/25 Q1012=
312,312,312,312,312,312,312,312,312,312,312,SBSL,21/02/2024 02:00,7.0,10.0,,25.0,25.0,1012.0,2000,RA,15.0,BKN,80.0,BKN,,,,,020T,FEW,METAR SBSL 210200Z 01007KT 2000 RA BR BKN015 FEW020TCU BKN080 25/25 Q1012=,-
313,313,313,313,313,313,313,313,313,313,313,SBSL,21/02/2024 02:00,5.0,300.0,,25.0,25.0,1012.0,8000,-RA,15.0,BKN,80.0,BKN,,,,,020T,FEW,-,SPECI SBSL 210210Z 30005KT 8000 -RA BKN015 FEW020TCU BKN080 25/25 Q1012 RERA=
314,314,314,314,314,314,314,314,314,314,314,SBSL,21/02/2024 02:00,4.0,300.0,,25.0,25.0,1012.0,3000,RA,15.0,BKN,80.0,BKN,,,,,020T,FEW,-,SPECI SBSL 210229Z 30004KT 3000 RA BR BKN015 FEW020TCU BKN080 25/25 Q1012=
315,315,315,315,315,315,315,315,315,315,315,SBSL,21/02/2024 03:00,10.0,340.0,,25.0,25.0,1012.0,3000,RA,15.0,BKN,80.0,BKN,,,,,020T,FEW,METAR SBSL 210300Z 34010KT 3000 RA BR BKN015 FEW020TCU BKN080 25/25 Q1012=,-
316,316,316,316,316,316,316,316,316,316,316,SBSL,21/02/2024 03:00,8.0,310.0,,24.0,24.0,1012.0,8000,-RA,15.0,BKN,80.0,BKN,,,,,020T,FEW,-,SPECI SBSL 210312Z 31008KT 8000 -RA BKN015 FEW020TCU BKN080 24/24 Q1012 RERA=
317,317,317,317,317,317,317,317,317,317,317,SBSL,21/02/2024 04:00,4.0,320.0,,25.0,25.0,1011.0,8000,-RA,15.0,BKN,80.0,BKN,,,,,020T,FEW,METAR SBSL 210400Z 32004KT 8000 -RA BKN015 FEW020TCU BKN080 25/25 Q1011 RERA=,-
318,318,318,318,318,318,318,318,318,318,318,SBSL,21/02/2024 05:00,2.0,240.0,,25.0,25.0,1010.0,9999,,15.0,BKN,80.0,BKN,,,,,020T,FEW,METAR SBSL 210500Z 24002KT 9999 BKN015 FEW020TCU BKN080 25/25 Q1010=,-
319,319,319,319,319,319,319,319,319,319,319,SBSL,21/02/2024 06:00,2.0,290.0,,25.0,25.0,1010.0,9999,,15.0,BKN,80.0,BKN,,,,,020T,FEW,METAR SBSL 210600Z 29002KT 9999 BKN015 FEW020TCU BKN080 25/25 Q1010=,-
320,320,320,320,320,320,320,320,320,320,320,SBSL,21/02/2024 07:00,9.0,30.0,,24.0,24.0,1010.0,9999,,10.0,BKN,80.0,BKN,,,,,020T,FEW,METAR SBSL 210700Z 03009KT 9999 BKN010 FEW020TCU BKN080 24/24 Q1010=,-
321,321,321,321,321,321,321,321,321,321,321,SBSL,21/02/2024 08:00,5.0,10.0,,25.0,25.0,1010.0,9999,,6.0,SCT,10.0,BKN,,,,,020T,FEW,METAR SBSL 210800Z 01005KT 9999 SCT006 BKN010 FEW020TCU 25/25 Q1010=,-
322,322,322,322,322,322,322,322,322,322,322,SBSL,21/02/2024 09:00,2.0,300.0,,25.0,25.0,1010.0,9999,,6.0,SCT,10.0,BKN,,,,,020T,FEW,METAR SBSL 210900Z 30002KT 9999 SCT006 BKN010 FEW020TCU 25/25 Q1010=,-
323,323,323,323,323,323,323,323,323,323,323,SBSL,21/02/2024 10:00,2.0,220.0,,25.0,25.0,1011.0,9999,-RA,11.0,SCT,80.0,BKN,,,,,,,METAR SBSL 211000Z 22002KT 9999 -RA SCT011 BKN080 25/25 Q1011=,-
324,324,324,324,324,324,324,324,324,324,324,SBSL,21/02/2024 11:00,3.0,250.0,,25.0,25.0,1012.0,9999,,13.0,SCT,80.0,BKN,,,,,,,METAR SBSL 211100Z 25003KT 9999 SCT013 BKN080 25/25 Q1012=,-
325,325,325,325,325,325,325,325,325,325,325,SBSL,21/02/2024 11:00,2.0,,,25.0,25.0,1013.0,1200,RA,5.0,SCT,13.0,BKN,8.0,OVC,,,,,-,SPECI SBSL 211126Z VRB02KT 1200 R06/2000N RA BR SCT005 BKN013 OVC080 25/25 Q1013=
326,326,326,326,326,326,326,326,326,326,326,SBSL,21/02/2024 12:00,1.0,,,25.0,25.0,1013.0,1500,-RA,13.0,SCT,15.0,BKN,8.0,OVC,,,,,METAR SBSL 211200Z VRB01KT 1500 R06/1300N -RA BR SCT013 BKN015 OVC080 25/25 Q1013 RERA=,-
327,327,327,327,327,327,327,327,327,327,327,SBSL,21/02/2024 13:00,2.0,,,25.0,25.0,1013.0,1000,-RA,5.0,SCT,10.0,BKN,8.0,OVC,,,,,METAR SBSL 211300Z VRB02KT 1000 R06/1300D -RA BR SCT005 BKN010 OVC080 25/25 Q1013=,-
328,328,328,328,328,328,328,328,328,328,328,SBSL,21/02/2024 13:00,4.0,330.0,,25.0,25.0,1013.0,500,RA,5.0,BKN,10.0,BKN,8.0,OVC,,,,,-,SPECI SBSL 211331Z 33004KT 290V010 0500 R06/0550N RA VCFG BKN005 BKN010 OVC080 25/25 Q1013=
329,329,329,329,329,329,329,329,329,329,329,SBSL,21/02/2024 14:00,6.0,30.0,,24.0,24.0,1013.0,500,+RA,3.0,BKN,15.0,BKN,8.0,OVC,,,,,METAR SBSL 211400Z 03006KT 0500 R06/0550N +RA BKN003 BKN015 OVC080 24/24 Q1013 RERA=,-
330,330,330,330,330,330,330,330,330,330,330,SBTE,21/02/2024 00:00,5.0,330.0,,27.0,24.0,1011.0,9999,,20.0,SCT,90.0,BKN,,,,,,,METAR SBTE 210000Z 33005KT 9999 SCT020 BKN090 27/24 Q1011=,-
331,331,331,331,331,331,331,331,331,331,331,SBTE,21/02/2024 01:00,4.0,310.0,,26.0,24.0,1011.0,9999,,20.0,SCT,90.0,BKN,,,,,,,METAR SBTE 210100Z 31004KT 9999 SCT020 BKN090 26/24 Q1011=,-
332,332,332,332,332,332,332,332,332,332,332,SBTE,21/02/2024 02:00,5.0,330.0,,26.0,23.0,1011.0,9999,,20.0,SCT,90.0,BKN,,,,,,,METAR SBTE 210200Z 33005KT 9999 SCT020 BKN090 26/23 Q1011=,-
333,333,333,333,333,333,333,333,333,333,333,SBTE,21/02/2024 03:00,4.0,10.0,,26.0,24.0,1011.0,9999,,20.0,SCT,90.0,BKN,,,,,,,METAR SBTE 210300Z 01004KT 9999 SCT020 BKN090 26/24 Q1011=,-
334,334,334,334,334,334,334,334,334,334,334,SBTE,21/02/2024 04:00,3.0,60.0,,26.0,24.0,1010.0,9999,,15.0,BKN,70.0,BKN,,,,,,,METAR SBTE 210400Z 06003KT 9999 BKN015 BKN070 26/24 Q1010=,-
335,335,335,335,335,335,335,335,335,335,335,SBTE,21/02/2024 05:00,0.0,0.0,,26.0,24.0,1010.0,9999,,15.0,BKN,70.0,OVC,,,,,,,METAR SBTE 210500Z 00000KT 9999 BKN015 OVC070 26/24 Q1010=,-
336,336,336,336,336,336,336,336,336,336,336,SBTE,21/02/2024 06:00,4.0,350.0,,26.0,23.0,1010.0,9999,,10.0,BKN,70.0,OVC,,,,,,,METAR SBTE 210600Z 35004KT 9999 BKN010 OVC070 26/23 Q1010=,-
337,337,337,337,337,337,337,337,337,337,337,SBTE,21/02/2024 07:00,4.0,290.0,,25.0,24.0,1010.0,9999,,15.0,BKN,70.0,OVC,,,,,,,METAR SBTE 210700Z 29004KT 9999 BKN015 OVC070 25/24 Q1010=,-
338,338,338,338,338,338,338,338,338,338,338,SBTE,21/02/2024 08:00,2.0,20.0,,25.0,24.0,1010.0,9999,-RA,15.0,BKN,70.0,OVC,,,,,,,METAR SBTE 210800Z 02002KT 9999 -RA BKN015 OVC070 25/24 Q1010=,-
339,339,339,339,339,339,339,339,339,339,339,SBTE,21/02/2024 09:00,0.0,0.0,,25.0,24.0,1010.0,9999,-RA,10.0,BKN,70.0,OVC,,,,,,,METAR SBTE 210900Z 00000KT 9999 -RA BKN010 OVC070 25/24 Q1010=,-
340,340,340,340,340,340,340,340,340,340,340,SBTE,21/02/2024 10:00,0.0,0.0,,25.0,24.0,1011.0,9999,,10.0,SCT,80.0,BKN,,,,,,,METAR SBTE 211000Z 00000KT 9999 SCT010 BKN080 25/24 Q1011=,-
341,341,341,341,341,341,341,341,341,341,341,SBTE,21/02/2024 10:00,1.0,330.0,,25.0,24.0,1012.0,9999,,8.0,BKN,80.0,BKN,,,,,,,-,SPECI SBTE 211036Z 33001KT 9999 BKN008 BKN080 25/24 Q1012=
342,342,342,342,342,342,342,342,342,342,342,SBTE,21/02/2024 11:00,3.0,310.0,,25.0,24.0,1012.0,9999,,8.0,BKN,80.0,BKN,,,,,,,METAR SBTE 211100Z 31003KT 9999 BKN008 BKN080 25/24 Q1012=,-
343,343,343,343,343,343,343,343,343,343,343,SBTE,21/02/2024 12:00,0.0,0.0,,24.0,24.0,1012.0,6000,-RA,8.0,OVC,,,,,,,,,METAR SBTE 211200Z 00000KT 6000 -RA OVC008 24/24 Q1012=,-
344,344,344,344,344,344,344,344,344,344,344,SBTE,21/02/2024 13:00,0.0,0.0,,25.0,24.0,1012.0,9999,-RA,12.0,SCT,100.0,BKN,,,,,,,METAR SBTE 211300Z 00000KT 9999 -RA SCT012 BKN100 25/24 Q1012=,-
345,345,345,345,345,345,345,345,345,345,345,SBTE,21/02/2024 14:00,3.0,330.0,,27.0,24.0,1012.0,9999,,15.0,SCT,100.0,BKN,,,,,,,METAR SBTE 211400Z 33003KT 9999 SCT015 BKN100 27/24 Q1012=,-
346,346,346,346,346,346,346,346,346,346,346,SBVT,21/02/2024 00:00,9.0,30.0,,25.0,24.0,1009.0,8000,-TSRA,10.0,SCT,90.0,BKN,,,,,040,FEW,METAR SBVT 210000Z 03009KT 8000 -TSRA SCT010 FEW040CB BKN090 25/24 Q1009 RERA=,-
347,347,347,347,347,347,347,347,347,347,347,SBVT,21/02/2024 01:00,5.0,20.0,,25.0,24.0,1010.0,9999,-TSRA,8.0,BKN,40.0,BKN,,,,,025,FEW,METAR SBVT 210100Z 02005KT 9999 -TSRA BKN008 FEW025CB BKN040 25/24 Q1010=,-
348,348,348,348,348,348,348,348,348,348,348,SBVT,21/02/2024 02:00,11.0,20.0,21.0,25.0,24.0,1010.0,3000,TSRA,10.0,SCT,70.0,BKN,,,,,025,FEW,METAR SBVT 210200Z 02011G21KT 3000 TSRA BR SCT010 FEW025CB BKN070 25/24 Q1010=,-
349,349,349,349,349,349,349,349,349,349,349,SBVT,21/02/2024 03:00,5.0,340.0,,24.0,24.0,1010.0,8000,-RA,10.0,SCT,50.0,BKN,,,,,,,METAR SBVT 210300Z 34005KT 8000 -RA SCT010 BKN050 24/24 Q1010 RETSRA=,-
350,350,350,350,350,350,350,350,350,350,350,SBVT,21/02/2024 04:00,1.0,40.0,,24.0,24.0,1009.0,9999,,10.0,FEW,50.0,SCT,10.0,BKN,,,,,METAR SBVT 210400Z 04001KT 9999 FEW010 SCT050 BKN100 24/24 Q1009=,-
351,351,351,351,351,351,351,351,351,351,351,SBVT,21/02/2024 05:00,6.0,10.0,,24.0,23.0,1008.0,9999,-RA,9.0,FEW,40.0,SCT,10.0,BKN,,,,,METAR SBVT 210500Z 01006KT 9999 -RA FEW009 SCT040 BKN100 24/23 Q1008=,-
352,352,352,352,352,352,352,352,352,352,352,SBVT,21/02/2024 06:00,7.0,10.0,,24.0,23.0,1008.0,9000,-RA,15.0,SCT,100.0,BKN,,,,,,,METAR SBVT 210600Z 01007KT 9000 -RA SCT015 BKN100 24/23 Q1008=,-
353,353,353,353,353,353,353,353,353,353,353,SBVT,21/02/2024 07:00,8.0,20.0,,24.0,23.0,1008.0,9000,,9.0,BKN,45.0,BKN,,,,,,,METAR SBVT 210700Z 02008KT 9000 BKN009 BKN045 24/23 Q1008=,-
354,354,354,354,354,354,354,354,354,354,354,SBVT,21/02/2024 08:00,7.0,360.0,,24.0,23.0,1008.0,9999,,12.0,SCT,45.0,BKN,,,,,,,METAR SBVT 210800Z 36007KT 9999 SCT012 BKN045 24/23 Q1008=,-
355,355,355,355,355,355,355,355,355,355,355,SBVT,21/02/2024 09:00,8.0,30.0,,25.0,23.0,1009.0,9999,-RA,7.0,FEW,15.0,BKN,4.0,OVC,,,,,METAR SBVT 210900Z 03008KT 9999 -RA FEW007 BKN015 OVC045 25/23 Q1009=,-
356,356,356,356,356,356,356,356,356,356,356,SBVT,21/02/2024 10:00,7.0,30.0,,25.0,24.0,1010.0,9999,-RA,8.0,FEW,20.0,BKN,7.0,OVC,,,,,METAR SBVT 211000Z 03007KT 350V060 9999 -RA FEW008 BKN020 OVC070 25/24 Q1010=,-
357,357,357,357,357,357,357,357,357,357,357,SBVT,21/02/2024 11:00,7.0,30.0,,25.0,24.0,1010.0,9999,-RA,9.0,FEW,33.0,BKN,7.0,OVC,,,,,METAR SBVT 211100Z 03007KT 9999 -RA FEW009 BKN033 OVC070 25/24 Q1010=,-
358,358,358,358,358,358,358,358,358,358,358,SBVT,21/02/2024 12:00,10.0,30.0,,26.0,24.0,1011.0,9999,,9.0,FEW,26.0,SCT,8.0,OVC,,,,,METAR SBVT 211200Z 03010KT 9999 FEW009 SCT026 OVC083 26/24 Q1011=,-
359,359,359,359,359,359,359,359,359,359,359,SBVT,21/02/2024 13:00,5.0,20.0,,27.0,25.0,1011.0,9999,,13.0,SCT,83.0,OVC,,,,,,,METAR SBVT 211300Z 02005KT 350V050 9999 SCT013 OVC083 27/25 Q1011=,-
360,360,360,360,360,360,360,360,360,360,360,SBVT,21/02/2024 14:00,8.0,20.0,,27.0,25.0,1011.0,9999,,15.0,FEW,60.0,SCT,10.0,OVC,,,,,METAR SBVT 211400Z 02008KT 340V050 9999 FEW015 SCT060 OVC100 27/25 Q1011=,-
